-- MySQL dump 10.13  Distrib 8.0.41, for Win64 (x86_64)
--
-- Host: 127.0.0.1    Database: db_termp
-- ------------------------------------------------------
-- Server version	8.0.41

/*!40101 SET @OLD_CHARACTER_SET_CLIENT=@@CHARACTER_SET_CLIENT */;
/*!40101 SET @OLD_CHARACTER_SET_RESULTS=@@CHARACTER_SET_RESULTS */;
/*!40101 SET @OLD_COLLATION_CONNECTION=@@COLLATION_CONNECTION */;
/*!50503 SET NAMES utf8 */;
/*!40103 SET @OLD_TIME_ZONE=@@TIME_ZONE */;
/*!40103 SET TIME_ZONE='+00:00' */;
/*!40014 SET @OLD_UNIQUE_CHECKS=@@UNIQUE_CHECKS, UNIQUE_CHECKS=0 */;
/*!40014 SET @OLD_FOREIGN_KEY_CHECKS=@@FOREIGN_KEY_CHECKS, FOREIGN_KEY_CHECKS=0 */;
/*!40101 SET @OLD_SQL_MODE=@@SQL_MODE, SQL_MODE='NO_AUTO_VALUE_ON_ZERO' */;
/*!40111 SET @OLD_SQL_NOTES=@@SQL_NOTES, SQL_NOTES=0 */;

--
-- Table structure for table `feedback`
--

DROP TABLE IF EXISTS `feedback`;
/*!40101 SET @saved_cs_client     = @@character_set_client */;
/*!50503 SET character_set_client = utf8mb4 */;
CREATE TABLE `feedback` (
  `id` bigint NOT NULL AUTO_INCREMENT,
  `user_id` bigint NOT NULL,
  `menu_id` bigint NOT NULL,
  `satisfied_count` int DEFAULT '0',
  `skipped_count` int DEFAULT '0',
  PRIMARY KEY (`id`),
  KEY `user_id` (`user_id`),
  KEY `menu_id` (`menu_id`),
  CONSTRAINT `feedback_ibfk_1` FOREIGN KEY (`user_id`) REFERENCES `users` (`id`) ON DELETE CASCADE,
  CONSTRAINT `feedback_ibfk_2` FOREIGN KEY (`menu_id`) REFERENCES `food` (`id`) ON DELETE CASCADE
) ENGINE=InnoDB DEFAULT CHARSET=utf8mb4 COLLATE=utf8mb4_0900_ai_ci;
/*!40101 SET character_set_client = @saved_cs_client */;

--
-- Dumping data for table `feedback`
--

LOCK TABLES `feedback` WRITE;
/*!40000 ALTER TABLE `feedback` DISABLE KEYS */;
/*!40000 ALTER TABLE `feedback` ENABLE KEYS */;
UNLOCK TABLES;

--
-- Table structure for table `feedback_log`
--

DROP TABLE IF EXISTS `feedback_log`;
/*!40101 SET @saved_cs_client     = @@character_set_client */;
/*!50503 SET character_set_client = utf8mb4 */;
CREATE TABLE `feedback_log` (
  `id` bigint NOT NULL AUTO_INCREMENT,
  `timestamp` timestamp NULL DEFAULT CURRENT_TIMESTAMP,
  `user_id` bigint NOT NULL,
  `menu_id` bigint NOT NULL,
  `time_slot` varchar(50) DEFAULT NULL,
  `satisfied` tinyint(1) DEFAULT NULL,
  `temperature` float DEFAULT NULL,
  `humidity` float DEFAULT NULL,
  PRIMARY KEY (`id`),
  KEY `user_id` (`user_id`),
  KEY `menu_id` (`menu_id`),
  CONSTRAINT `feedback_log_ibfk_1` FOREIGN KEY (`user_id`) REFERENCES `users` (`id`) ON DELETE CASCADE,
  CONSTRAINT `feedback_log_ibfk_2` FOREIGN KEY (`menu_id`) REFERENCES `food` (`id`) ON DELETE CASCADE
) ENGINE=InnoDB DEFAULT CHARSET=utf8mb4 COLLATE=utf8mb4_0900_ai_ci;
/*!40101 SET character_set_client = @saved_cs_client */;

--
-- Dumping data for table `feedback_log`
--

LOCK TABLES `feedback_log` WRITE;
/*!40000 ALTER TABLE `feedback_log` DISABLE KEYS */;
/*!40000 ALTER TABLE `feedback_log` ENABLE KEYS */;
UNLOCK TABLES;

--
-- Table structure for table `food`
--

DROP TABLE IF EXISTS `food`;
/*!40101 SET @saved_cs_client     = @@character_set_client */;
/*!50503 SET character_set_client = utf8mb4 */;
CREATE TABLE `food` (
  `id` bigint NOT NULL AUTO_INCREMENT,
  `name` varchar(255) DEFAULT NULL,
  `calories` float DEFAULT NULL,
  `category_big` varchar(255) NOT NULL,
  `category_med` varchar(255) NOT NULL,
  `category_small` varchar(255) NOT NULL,
  PRIMARY KEY (`id`)
) ENGINE=InnoDB AUTO_INCREMENT=539 DEFAULT CHARSET=utf8mb4 COLLATE=utf8mb4_0900_ai_ci;
/*!40101 SET character_set_client = @saved_cs_client */;

--
-- Dumping data for table `food`
--

LOCK TABLES `food` WRITE;
/*!40000 ALTER TABLE `food` DISABLE KEYS */;
INSERT INTO `food` VALUES (4,'가자미구이',146.83,'한식','구이류','가자미'),(11,'간짜장',139.5,'중식','면류','짜장'),(15,'갈비찜',151.67,'한식','찜류','갈비'),(16,'갈비탕',56.5,'한식','국 및 탕류','갈비'),(17,'갈치구이',137.9,'한식','구이류','갈치'),(19,'갈치조림',86.33,'한식','조림류','갈치'),(21,'감바스',303.67,'양식','기타','기타'),(25,'그라탕',188.25,'한식','국 및 탕류','감자'),(26,'감자전',88.6,'한식','전류','감자'),(28,'감자탕',56.2,'한식','국 및 탕류','감자'),(33,'게장',99.5,'한식','기타','꽃게'),(37,'고기만두',103.5,'기타','만두류','고기'),(38,'고등어구이',193.83,'한식','구이류','고등어'),(39,'고등어조림',98.38,'한식','조림류','고등어'),(44,'고추장찌개',52.5,'한식','찌개류','기타'),(46,'곤드레밥',116.6,'한식','기타','기타'),(49,'곰탕',59.29,'한식','국 및 탕류','기타'),(50,'곱창구이',184,'한식','구이류','곱창'),(51,'곱창볶음',182.33,'한식','볶음류','곱창'),(52,'곱창전골',87.5,'한식','전골류','곱창'),(54,'돼지국밥',77.71,'한식','밥류','기타'),(57,'군만두',219,'중식','만두류','기타'),(58,'굴 국밥',63,'한식','밥류','굴'),(62,'굴무침',49,'한식','무침류','굴'),(63,'굴밥',122,'한식','밥류','굴'),(66,'기스면',61,'중식','기타','기타'),(70,'김밥',134.67,'한식','기타','기타'),(71,'칠리새우',150,'중식','기타','새우'),(72,'깐풍기',164.5,'중식','기타','기타'),(73,'깐풍새우',240,'중식','기타','새우'),(75,'꼬리곰탕',73.33,'한식','국 및 탕류','기타'),(82,'대게찜',52,'한식','찜류','꽃게'),(83,'꽃게탕',23,'한식','국 및 탕류','꽃게'),(86,'나베',170,'일식','기타','기타'),(91,'낙지볶음',97.43,'한식','볶음류','낙지'),(92,'낙지전골',58,'한식','전골류','낙지'),(94,'낙지탕',31,'한식','국 및 탕류','낙지'),(96,'난자완스',188.33,'중식','기타','기타'),(98,'내장탕',52,'한식','국 및 탕류','기타'),(103,'녹두전',92,'한식','전류','기타'),(112,'닭곰탕',51.2,'한식','국 및 탕류','닭'),(118,'치킨',261.75,'기타','튀김류','닭'),(122,'닭발',193,'한식','구이류','닭'),(125,'백숙',79,'한식','기타','닭'),(127,'닭갈비',151.57,'한식','기타','닭'),(128,'닭볶음탕',109,'한식','국 및 탕류','닭'),(130,'찜닭',110.58,'한식','찜류','닭'),(135,'대구탕',45,'한식','국 및 탕류','대구'),(136,'대창구이',595,'한식','구이류','기타'),(138,'더덕구이',151,'한식','구이류','기타'),(140,'도가니탕',40,'한식','국 및 탕류','도가니'),(146,'돈까스',256,'일식','튀김류','기타'),(155,'동파육',191,'중식','기타','기타'),(159,'돼지고기 구이',193.33,'기타','기타','돼지고기'),(160,'꼬치구이',176.33,'한식','구이류','돼지고기'),(161,'돼지고기 덮밥',166.5,'일식','밥류','돼지고기'),(162,'목살 스테이크',147,'양식','기타','돼지고기'),(168,'돼지고기튀김',222,'한식','튀김류','돼지고기'),(169,'돼지껍데기',348,'한식','구이류','기타'),(172,'돼지불고기',116.38,'한식','기타','돼지고기'),(175,'된장찌개',42.52,'한식','찌개류','기타'),(182,'두부전골',52,'한식','전골류','두부'),(183,'두부조림',149.71,'한식','조림류','두부'),(186,'떡갈비',202,'한식','기타','갈비'),(187,'떡국',85.33,'한식','국 및 탕류','떡'),(189,'떡볶이',141.06,'한식','기타','떡'),(190,'또띠아',238.56,'양식','기타','기타'),(191,'라멘',86.8,'일식','면류','기타'),(192,'라면',107.96,'한식','면류','기타'),(194,'라조기',170.67,'중식','기타','조기'),(195,'리조또',174,'양식','기타','기타'),(196,'마라탕',77,'한식','국 및 탕류','기타'),(197,'마파두부',134.67,'중식','기타','두부'),(198,'막국수',119,'한식','기타','기타'),(199,'막창구이',358,'한식','구이류','기타'),(200,'김치만두',189.17,'중식','만두류','기타'),(201,'만두국',62.22,'한식','국 및 탕류','기타'),(202,'만두전골',66,'한식','전골류','기타'),(207,'매운탕',44.81,'한식','국 및 탕류','기타'),(210,'메밀국수',63,'한식','기타','기타'),(212,'메밀소바',116,'일식','면류','기타'),(213,'멘보샤',267,'일식','기타','기타'),(220,'생선회',133,'일식','기타','기타'),(227,'묵밥',69.25,'한식','기타','기타'),(228,'문어무침',66.5,'한식','무침류','문어'),(230,'물냉면',88.33,'한식','면류','기타'),(231,'물만두',96.25,'중식','만두류','기타'),(232,'물회',65.67,'기타','기타','기타'),(233,'미역국',13.57,'한식','국 및 탕류','미역'),(238,'밀면',71,'한식','기타','기타'),(240,'수제비',37,'한식','기타','기타'),(244,'배추전',122.25,'한식','전류','기타'),(246,'버거',247.81,'양식','기타','기타'),(247,'버섯덮밥',101,'일식','밥류','버섯'),(254,'버섯전골',46.17,'한식','전골류','버섯'),(258,'병어조림',92,'한식','조림류','기타'),(266,'볶음밥',148.39,'한식','밥류','기타'),(268,'부대찌개',86.44,'한식','찌개류','기타'),(269,'부추전',198.33,'한식','전류','기타'),(271,'북어국',25.19,'한식','국 및 탕류','기타'),(276,'분짜',136,'동남아식','기타','기타'),(277,'불고기전골',88.75,'한식','전골류','고기'),(282,'비빔국수',137,'한식','기타','기타'),(283,'비빔냉면',93,'한식','면류','기타'),(286,'비빔밥',120.39,'한식','밥류','기타'),(287,'규카츠',208,'기타','튀김류','기타'),(288,'뼈다귀해장국',21,'한식','국 및 탕류','기타'),(289,'사골국',40,'한식','국 및 탕류','기타'),(291,'삼겹살',435,'한식','구이류','삼겹살'),(293,'삼계탕',78.4,'한식','국 및 탕류','기타'),(299,'삼치조림',124.2,'한식','조림류','기타'),(304,'새우구이',89.5,'한식','구이류','새우'),(308,'새우튀김',202,'기타','튀김류','새우'),(309,'샌드위치',246.63,'기타','기타','기타'),(310,'샐러드',130.38,'기타','샐러드','기타'),(311,'생선까스',227.17,'기타','튀김류','기타'),(312,'샤브샤브',46.33,'일식','기타','기타'),(316,'선짓국',39.25,'한식','국 및 탕류','기타'),(317,'설렁탕',34,'한식','국 및 탕류','기타'),(321,'소고기 국밥',77.33,'한식','기타','소고기'),(322,'소고기 덮밥',116.33,'일식','밥류','소고기'),(330,'스튜',187,'기타','기타','소고기'),(331,'육개장',27.67,'한식','기타','소고기'),(332,'소고기 전골',55.5,'한식','전골류','소고기'),(338,'스테이크',236.25,'양식','기타','기타'),(339,'소고기 구이',317.25,'한식','구이류','기타'),(341,'소불고기',168.62,'한식','기타','소고기'),(346,'수육',131.67,'한식','기타','돼지고기'),(348,'순대',190,'기타','기타','순대'),(349,'순대국',51.5,'한식','국 및 탕류','순대'),(350,'순대볶음',126.13,'한식','볶음류','순대'),(351,'순대전골',76,'한식','전골류','순대'),(352,'순두부찌개',39.33,'기타','찌개류','두부'),(355,'파스타',171.94,'양식','면류','기타'),(356,'쌀국수',62,'한식','면류','기타'),(357,'쑥전',127,'한식','기타','기타'),(358,'아귀탕',41,'한식','국 및 탕류','기타'),(361,'아귀찜',54.83,'한식','찜류','기타'),(362,'알밥',99.33,'한식','기타','기타'),(363,'알탕',36.67,'한식','국 및 탕류','기타'),(365,'애호박전',112.2,'한식','전류','애호박'),(373,'양장피',98.33,'중식','기타','기타'),(376,'어묵 우동',61.25,'일식','면류','기타'),(378,'어묵탕',30.38,'한식','국 및 탕류','기타'),(382,'연어구이',191.2,'한식','구이류','연어'),(385,'연잎밥',207,'기타','기타','기타'),(386,'연포탕',54,'한식','국 및 탕류','기타'),(392,'오리고기구이',293,'한식','구이류','오리'),(396,'오리불고기',107.75,'한식','기타','오리'),(397,'오리탕',110.4,'한식','국 및 탕류','오리'),(398,'오므라이스',129.33,'양식','기타','기타'),(402,'오징어볶음',90.4,'한식','볶음류','오징어'),(403,'오삼불고기',123,'한식','기타','오징어'),(404,'오징어순대',88,'한식','기타','오징어'),(413,'우동',74.42,'일식','면류','기타'),(414,'볶음우동',128,'한식','볶음류','기타'),(419,'울면',79,'한식','기타','기타'),(420,'월남쌈',123.75,'동남아식','기타','기타'),(421,'유부 초밥',199.33,'일식','기타','유부'),(424,'유산슬',73,'중식','기타','기타'),(426,'육회',144,'기타','기타','육회'),(427,'육회비빔밥',115,'한식','밥류','육회'),(433,'잔치국수',64.25,'한식','면류','기타'),(434,'잡채밥',114.8,'중식','밥류','기타'),(435,'잡탕밥',109.5,'한식','밥류','기타'),(438,'장어덮밥',95,'일식','밥류','장어'),(441,'장어구이',223.2,'한식','구이류','장어'),(443,'장어탕',67,'한식','국 및 탕류','장어'),(444,'재첩국',21,'한식','국 및 탕류','재첩'),(446,'쟁반짜장',145,'중식','기타','기타'),(449,'전복탕',33,'한식','국 및 탕류','전복'),(453,'제육볶음',126.83,'한식','볶음류','돼지고기'),(455,'조개구이',130,'한식','구이류','조개'),(458,'조개탕',12,'한식','국 및 탕류','조개'),(461,'족발',226.5,'한식','기타','돼지고기'),(462,'주꾸미볶음',82,'한식','볶음류','주꾸미'),(463,'주꾸미삼겹살',161,'한식','기타','주꾸미'),(464,'주먹밥',158.3,'기타','밥류','기타'),(468,'짜장면',118.25,'중식','면류','기타'),(469,'짜장밥',128.4,'중식','기타','기타'),(470,'짬뽕',70.09,'중식','기타','기타'),(472,'짬뽕밥',76.67,'중식','기타','기타'),(473,'쫄면',120.4,'한식','면류','기타'),(475,'차돌박이구이',488,'한식','구이류','차돌박이'),(477,'참치덮밥',108,'일식','밥류','참치'),(480,'청국장찌개',49,'한식','찌개류','기타'),(484,'초밥',165.64,'일식','기타','기타'),(485,'추어탕',35.5,'한식','국 및 탕류','기타'),(486,'충무김밥',137,'한식','기타','기타'),(487,'치킨까스',296,'기타','기타','기타'),(488,'치킨데리야끼',138.5,'일식','기타','기타'),(490,'카레라이스',112.92,'기타','밥류','기타'),(491,'칼국수',75.86,'한식','면류','기타'),(492,'캘리포니아롤',163,'양식','기타','기타'),(494,'코다리조림',66.7,'한식','조림류','기타'),(496,'콘치즈',134.2,'한식','구이류','기타'),(497,'콩국수',98.6,'한식','기타','기타'),(499,'탄탄면',174,'중식','기타','기타'),(501,'탕수육',166.83,'중식','튀김류','기타'),(504,'토스트',308.96,'기타','기타','기타'),(506,'파전',140.44,'한식','전류','기타'),(507,'팔보채',100,'중식','기타','기타'),(508,'팟타이',188.5,'동남아식','기타','기타'),(511,'피자',255.44,'양식','기타','기타'),(512,'함박스테이크',201.71,'양식','기타','기타'),(516,'해물전골',26,'한식','전골류','해물'),(517,'해물찜',72.33,'한식','찜류','해물'),(519,'해물탕',39,'한식','국 및 탕류','해물'),(521,'해신탕',57,'한식','국 및 탕류','기타'),(522,'해장국',36.6,'한식','국 및 탕류','기타'),(524,'햄버거',212.15,'기타','기타','기타'),(528,'홍합탕',29,'한식','국 및 탕류','홍합'),(530,'황태해장국',30,'한식','국 및 탕류','황태'),(531,'회냉면',80,'기타','면류','기타'),(532,'회덮밥',117.25,'한식','밥류','기타'),(533,'회무침',89.33,'한식','무침류','기타'),(534,'훈제오리',289,'한식','기타','오리'),(535,'훠궈',93,'중식','기타','기타'),(536,'컵밥',200,'한식','밥류','기타'),(538,'육전',300,'한식','전류','소고기');
/*!40000 ALTER TABLE `food` ENABLE KEYS */;
UNLOCK TABLES;

--
-- Table structure for table `food_feature`
--

DROP TABLE IF EXISTS `food_feature`;
/*!40101 SET @saved_cs_client     = @@character_set_client */;
/*!50503 SET character_set_client = utf8mb4 */;
CREATE TABLE `food_feature` (
  `id` bigint NOT NULL AUTO_INCREMENT,
  `food_id` bigint NOT NULL,
  `spicy` tinyint(1) DEFAULT NULL,
  `salty` tinyint(1) DEFAULT NULL,
  `sweet` tinyint(1) DEFAULT NULL,
  `greasy` tinyint(1) DEFAULT NULL,
  `fried` tinyint(1) DEFAULT NULL,
  `soup` tinyint(1) DEFAULT NULL,
  `cold` tinyint(1) DEFAULT NULL,
  `rice_based` tinyint(1) DEFAULT NULL,
  `noodle_based` tinyint(1) DEFAULT NULL,
  `healthy` tinyint(1) DEFAULT NULL,
  PRIMARY KEY (`id`),
  KEY `fk_food_id` (`food_id`),
  CONSTRAINT `fk_food_id` FOREIGN KEY (`food_id`) REFERENCES `food` (`id`)
) ENGINE=InnoDB AUTO_INCREMENT=221 DEFAULT CHARSET=utf8mb4 COLLATE=utf8mb4_0900_ai_ci;
/*!40101 SET character_set_client = @saved_cs_client */;

--
-- Dumping data for table `food_feature`
--

LOCK TABLES `food_feature` WRITE;
/*!40000 ALTER TABLE `food_feature` DISABLE KEYS */;
INSERT INTO `food_feature` VALUES (1,4,0,1,0,0,1,0,0,1,0,1),(2,11,0,1,1,1,1,0,0,0,1,0),(3,15,0,1,1,1,0,0,0,1,0,0),(4,16,0,0,0,0,0,1,0,1,0,1),(5,17,0,1,0,0,1,0,0,1,0,1),(6,19,1,1,1,0,0,0,0,1,0,0),(7,21,0,0,0,1,1,0,0,0,0,0),(8,26,0,0,1,1,1,0,0,0,0,0),(9,28,1,1,0,0,0,1,0,1,0,0),(10,33,0,1,0,0,0,0,1,1,0,0),(11,37,0,0,0,1,0,0,0,0,0,0),(12,38,0,1,0,0,1,0,0,1,0,0),(13,39,1,1,0,0,0,0,0,1,0,0),(14,44,1,1,1,0,0,1,0,1,0,0),(15,46,0,0,0,0,0,0,0,1,0,1),(16,49,0,0,0,1,0,1,0,1,0,1),(17,50,0,0,0,1,1,0,0,0,0,0),(18,51,1,1,0,1,1,0,0,1,0,0),(19,52,1,1,0,1,0,1,0,0,0,0),(20,57,0,0,0,1,1,0,0,0,0,0),(21,58,0,0,0,0,0,1,0,1,0,1),(22,62,1,1,1,0,0,0,1,1,0,0),(23,63,0,0,0,0,0,0,0,1,0,1),(24,287,0,1,0,1,1,0,0,0,0,0),(25,25,0,0,1,1,0,1,0,0,0,0),(26,66,0,1,0,0,0,1,0,0,1,0),(27,70,0,0,1,0,0,0,1,1,0,0),(28,200,0,0,0,0,0,0,0,0,0,0),(29,72,0,1,1,1,1,0,0,0,0,0),(30,73,0,1,1,1,1,0,0,0,0,0),(31,75,0,0,0,1,0,1,0,1,0,1),(32,160,0,1,0,1,1,0,0,0,0,0),(33,83,1,1,0,0,0,1,0,1,0,0),(34,86,0,1,0,0,0,1,0,1,0,0),(35,91,1,1,0,0,1,0,0,1,0,0),(36,92,0,1,1,0,0,1,0,1,0,0),(37,94,0,1,0,0,0,1,0,1,0,1),(38,96,0,1,1,0,1,0,0,0,0,0),(39,98,1,1,0,0,0,1,0,1,0,0),(40,103,0,1,1,1,1,0,0,0,0,0),(41,127,1,1,1,1,0,0,0,1,0,0),(42,112,0,0,0,1,0,1,0,1,0,1),(43,122,1,1,1,1,0,0,0,0,0,0),(44,128,1,1,1,1,0,1,0,1,0,0),(45,82,0,1,0,0,0,0,0,0,0,0),(46,135,0,0,0,0,0,1,0,1,0,1),(47,136,0,0,0,1,1,0,0,0,0,0),(48,138,1,1,1,0,0,0,0,1,0,1),(49,140,0,0,0,1,0,1,0,1,0,1),(50,146,0,1,1,1,1,0,0,1,0,0),(51,155,0,1,1,1,1,0,0,0,0,0),(52,159,0,0,0,1,1,0,0,0,0,0),(53,161,0,1,1,1,0,0,0,1,0,0),(54,168,0,0,0,1,1,0,0,0,0,0),(55,54,0,0,0,0,0,1,0,1,0,1),(56,169,0,1,1,1,1,0,0,0,0,0),(57,172,1,1,1,1,0,0,0,1,0,0),(58,175,0,1,0,0,0,1,0,1,0,0),(59,182,0,1,0,0,0,1,0,1,0,1),(60,183,0,1,0,0,0,0,0,1,0,1),(61,186,0,1,1,1,1,0,0,0,0,0),(62,187,0,0,0,0,0,1,0,0,0,1),(63,189,1,1,1,0,0,0,0,0,0,0),(64,190,0,0,0,0,0,0,0,0,0,0),(65,191,0,1,0,1,0,1,0,0,1,0),(66,192,1,1,0,0,0,1,0,0,1,0),(67,194,1,1,0,1,0,0,0,0,0,0),(68,195,0,0,1,1,0,0,0,1,0,0),(69,196,1,1,0,1,0,1,0,0,0,0),(70,197,1,1,0,0,1,0,0,0,0,1),(71,198,1,1,1,0,0,1,1,0,1,0),(72,199,0,0,0,1,1,0,0,0,0,0),(73,201,0,0,0,1,0,1,0,0,0,0),(74,202,0,0,0,0,0,1,0,0,0,0),(75,207,1,1,0,0,0,1,0,1,0,0),(76,210,0,1,0,0,0,1,0,0,1,0),(77,212,0,1,1,0,0,0,1,0,1,0),(78,213,0,0,0,1,1,0,0,0,0,0),(79,162,0,0,0,1,1,0,0,0,0,0),(80,227,0,1,1,0,0,0,1,1,0,1),(81,228,1,1,1,0,0,0,1,1,0,0),(82,230,0,0,1,0,0,1,1,0,1,0),(83,231,0,0,0,0,0,0,0,0,0,0),(84,232,1,1,1,0,0,0,1,1,0,0),(85,233,0,1,0,0,0,1,0,1,0,0),(86,238,0,1,1,0,0,0,1,0,1,0),(87,244,0,0,0,1,1,0,0,0,0,0),(88,125,0,0,0,1,0,0,0,0,0,1),(89,246,0,1,0,1,1,0,0,0,0,0),(90,247,0,0,0,0,0,0,0,1,0,0),(91,254,0,0,0,0,0,1,0,1,0,0),(92,258,1,1,0,0,0,0,0,0,0,0),(93,266,0,1,0,1,1,0,0,1,0,0),(94,414,1,1,1,1,1,1,0,0,1,0),(95,268,1,1,0,1,0,1,0,1,0,0),(96,269,0,0,0,1,1,0,0,0,0,0),(97,271,0,1,0,0,0,1,0,1,0,1),(98,276,0,1,1,0,1,0,0,0,0,0),(99,277,0,1,1,1,0,1,0,1,0,0),(100,282,1,1,1,0,0,0,1,0,1,0),(101,283,1,1,1,0,0,0,1,0,1,0),(102,286,1,1,0,0,0,0,1,1,0,1),(103,288,1,1,0,1,0,1,0,1,0,0),(104,289,0,0,0,1,0,1,0,1,0,1),(105,291,0,0,0,1,1,0,0,0,0,0),(106,293,0,0,0,1,0,1,0,1,0,1),(107,299,1,1,0,0,0,0,0,1,0,0),(108,304,0,1,0,0,1,0,0,0,0,1),(109,308,0,0,0,1,1,0,0,0,0,0),(110,309,0,0,1,0,0,0,1,0,0,1),(111,310,0,0,0,0,0,0,1,0,0,1),(112,311,0,0,1,1,1,0,0,0,0,0),(113,220,0,0,0,0,0,0,1,0,0,0),(114,312,0,0,0,1,0,1,0,0,0,1),(115,316,1,1,0,1,0,1,0,1,0,0),(116,317,0,0,0,1,0,1,0,1,0,1),(117,339,0,0,0,1,1,0,0,0,0,0),(118,321,0,1,0,1,0,1,0,1,0,0),(119,322,0,1,1,1,0,0,0,1,0,0),(120,332,0,1,1,1,0,1,0,1,0,0),(121,341,1,1,1,1,0,0,0,1,0,0),(122,346,0,0,0,1,0,0,0,0,0,0),(123,240,0,1,0,0,0,1,0,0,0,0),(124,348,0,0,0,1,0,0,0,0,0,0),(125,349,0,0,0,1,0,1,0,1,0,0),(126,350,1,1,1,1,0,0,0,0,0,0),(127,351,0,1,1,1,0,1,0,1,0,0),(128,352,1,1,0,0,0,1,0,1,0,1),(129,338,0,0,0,1,1,0,0,0,0,0),(130,330,0,0,1,1,0,1,0,0,0,0),(131,356,0,0,0,1,0,1,0,0,1,1),(132,357,0,0,1,0,1,0,0,0,0,0),(133,361,1,1,0,0,0,0,0,1,0,0),(134,358,0,1,0,0,0,1,0,1,0,0),(135,362,0,1,1,0,0,0,0,1,0,0),(136,363,1,1,0,0,0,1,0,1,0,0),(137,365,0,0,1,1,1,0,0,0,0,0),(138,373,1,1,1,0,0,0,0,0,0,1),(139,376,0,1,0,0,0,1,0,0,1,0),(140,378,0,1,0,0,0,1,0,0,0,0),(141,382,0,0,0,1,1,0,0,0,0,0),(142,385,0,0,0,0,0,0,0,1,0,1),(143,386,0,1,0,0,0,1,0,1,0,1),(144,392,0,0,0,1,1,0,0,0,0,0),(145,396,1,1,1,1,0,0,0,1,0,0),(146,397,1,1,0,1,0,1,0,1,0,1),(147,398,0,1,1,0,0,0,0,1,0,0),(148,403,1,1,1,1,0,0,0,1,0,0),(149,402,1,1,1,0,0,0,0,1,0,0),(150,404,0,0,0,0,0,0,0,0,0,0),(151,413,0,1,0,0,0,1,0,0,1,0),(152,419,0,1,0,0,0,1,0,0,1,0),(153,420,0,0,0,0,0,0,0,0,0,1),(154,421,0,0,1,0,0,0,1,1,0,0),(155,424,0,1,0,1,0,0,0,0,0,0),(156,331,1,1,0,1,0,1,0,1,0,0),(157,538,0,0,0,1,1,0,0,0,0,0),(158,426,0,0,1,1,0,0,1,0,0,0),(159,427,0,0,1,1,0,0,1,1,0,0),(160,433,0,1,0,0,0,1,0,0,1,0),(161,434,0,1,1,1,0,0,0,1,1,0),(162,435,0,1,0,1,0,1,0,1,0,0),(163,441,0,0,0,1,1,0,0,0,0,0),(164,438,0,1,1,1,0,0,0,1,0,0),(165,443,0,1,0,0,0,1,0,1,0,0),(166,444,0,0,0,0,0,1,0,1,0,1),(167,446,0,1,1,1,1,0,0,0,1,0),(168,449,0,0,0,0,0,1,0,1,0,1),(169,453,1,1,1,1,0,0,0,1,0,0),(170,455,0,1,0,0,0,0,0,0,0,0),(171,458,0,1,0,0,0,1,0,1,0,1),(172,461,0,0,0,1,0,0,0,0,0,0),(173,462,1,1,1,0,0,0,0,1,0,0),(174,463,1,1,1,1,0,0,0,1,0,0),(175,464,0,1,1,0,0,0,0,1,0,0),(176,468,0,1,1,1,1,0,0,0,1,0),(177,469,0,1,1,1,1,0,0,1,0,0),(178,470,1,1,0,0,1,1,0,0,1,0),(179,472,1,1,0,0,1,1,0,1,1,0),(180,473,1,1,1,0,0,0,0,0,1,0),(181,130,0,1,1,1,0,0,0,1,0,0),(182,475,0,0,0,1,1,0,0,0,0,0),(183,477,0,1,1,1,0,0,0,1,0,0),(184,480,0,1,0,0,0,1,0,1,0,0),(185,484,0,0,1,0,0,0,1,1,0,0),(186,485,0,1,0,0,0,1,0,1,0,0),(187,486,0,0,0,0,0,0,0,1,0,0),(188,118,0,1,0,1,1,0,0,0,0,0),(189,487,0,1,1,1,1,0,0,0,0,0),(190,488,0,1,1,1,0,0,0,0,0,0),(191,71,1,1,1,0,1,0,0,0,0,0),(192,490,0,1,0,0,0,0,0,1,0,0),(193,491,0,1,0,0,0,1,0,0,1,0),(194,492,0,1,1,0,0,0,1,1,0,0),(195,536,0,1,0,0,0,0,0,1,0,0),(196,494,0,1,0,0,0,0,0,0,0,0),(197,496,0,1,1,1,0,0,0,0,0,0),(198,497,0,0,1,0,0,1,1,0,1,0),(199,499,0,1,0,0,0,1,0,0,1,0),(200,501,0,1,1,1,1,1,0,0,0,0),(201,504,0,0,1,0,1,0,0,0,0,0),(202,355,0,1,1,1,0,0,0,0,1,0),(203,506,0,0,1,1,1,0,0,0,0,0),(204,507,0,1,0,0,1,0,0,0,0,0),(205,508,0,1,0,0,0,0,0,0,0,0),(206,511,0,1,1,1,1,0,0,0,0,0),(207,512,0,0,1,1,1,0,0,0,0,0),(208,516,0,1,0,0,0,1,0,1,0,0),(209,517,0,1,0,0,0,0,0,0,0,0),(210,519,0,1,0,0,0,1,0,1,0,0),(211,521,0,1,0,0,0,1,0,1,0,0),(212,522,1,1,0,0,0,1,0,1,0,0),(213,524,0,1,1,1,1,0,0,0,0,0),(214,528,0,1,0,0,0,1,0,1,0,0),(215,530,0,1,0,0,0,1,0,1,0,0),(216,531,1,1,1,0,0,0,1,0,1,0),(217,532,1,1,1,0,0,0,1,1,0,0),(218,533,1,1,1,0,0,0,1,1,0,0),(219,534,0,1,0,1,0,0,0,0,0,0),(220,535,0,1,0,1,0,1,0,0,0,0);
/*!40000 ALTER TABLE `food_feature` ENABLE KEYS */;
UNLOCK TABLES;

--
-- Table structure for table `food_ingredients`
--

DROP TABLE IF EXISTS `food_ingredients`;
/*!40101 SET @saved_cs_client     = @@character_set_client */;
/*!50503 SET character_set_client = utf8mb4 */;
CREATE TABLE `food_ingredients` (
  `food_id` bigint DEFAULT NULL,
  `ingredients` varchar(255) DEFAULT NULL,
  `id` bigint NOT NULL AUTO_INCREMENT,
  PRIMARY KEY (`id`),
  KEY `food_ingredients_ibfk_1` (`food_id`),
  CONSTRAINT `food_ingredients_ibfk_1` FOREIGN KEY (`food_id`) REFERENCES `food` (`id`)
) ENGINE=InnoDB AUTO_INCREMENT=5889 DEFAULT CHARSET=utf8mb4 COLLATE=utf8mb4_0900_ai_ci;
/*!40101 SET character_set_client = @saved_cs_client */;

--
-- Dumping data for table `food_ingredients`
--

LOCK TABLES `food_ingredients` WRITE;
/*!40000 ALTER TABLE `food_ingredients` DISABLE KEYS */;
INSERT INTO `food_ingredients` VALUES (16,'후추 약간',26),(17,'갈치',27),(17,'식용유',28),(17,'부침가루',41),(17,'쌀뜨물 적당량',42),(17,'후추 약간',43),(17,'맛소금',45),(19,'갈치',47),(4,'손질한 냉동가자미',48),(19,'무',49),(19,'양파',50),(4,'전분',51),(19,'청양고추',52),(4,'파채',53),(19,'대파',54),(4,'라임(레몬)',55),(4,'쪽파 간장',56),(4,'물',57),(4,'맛술',58),(19,'다시마',59),(4,'소금',60),(4,'설탕',61),(19,'간장',62),(4,'올리고당',63),(4,'레몬즙 (식초)',64),(19,'설탕',65),(19,'물엿',66),(19,'고추가루',67),(4,'다진마늘',68),(4,'청양고추',69),(4,'홍고추',70),(19,'다진마늘',71),(19,'다진생강',72),(19,'맛술',73),(19,'후추',74),(11,'연근',133),(11,'쇠고기',134),(11,'양파',135),(11,'호박',136),(11,'적배추',137),(11,'청주',138),(11,'다진마늘',139),(11,'후추 약간',140),(11,'춘장',141),(11,'흑설탕',142),(11,'굴소스',143),(11,'간장',146),(11,'녹말물',147),(15,'돼지갈비',181),(15,'감자',183),(15,'양파',185),(15,'대파',186),(15,'당근',187),(54,'시판 순대',189),(54,'대파',190),(54,'청양고추',191),(15,'버섯',193),(15,'밤',194),(15,'청양고추',195),(54,'시판 곰탕',196),(15,'진간장',197),(54,'물',198),(15,'설탕',199),(54,'소금 약간',200),(15,'물',201),(15,'맛술',202),(54,'후춧가루 약간',203),(54,'다진 마늘',204),(54,'들깨가루',205),(54,'고춧가루',206),(54,'새우젓',207),(54,'액젓',209),(21,'올리브유',221),(21,'칵테일새우 적당량',222),(21,'통마늘',223),(21,'페퍼론치노',224),(21,'후추',225),(21,'소급',226),(21,'파슬리',227),(21,'바게트빵 적당량',228),(15,'파',238),(15,'참기름',240),(15,'다진마늘',242),(15,'다진생강',248),(16,'갈비탕용 소고기',249),(16,'무',250),(16,'대파 흰부분',252),(16,'양파',254),(16,'당면',255),(16,'물',257),(16,'맛술',259),(16,'꽃소금',261),(16,'간장',262),(16,'다진마늘',264),(16,'자른대파',266),(86,'팽이버섯',273),(86,'표고버섯',275),(86,'물',278),(25,'감자',309),(86,'멸치',315),(86,'다시마',317),(86,'무',319),(57,'교자 만두',320),(57,'오일 약간',321),(86,'건새우',322),(86,'간장 조금',323),(58,'굴',324),(86,'시판용 스윗트 칠리소스 조금',325),(58,'무',326),(86,'간장',327),(58,'두부',328),(58,'미역 약간',329),(58,'계란',330),(58,'멸치다시육수',331),(25,'새우',332),(58,'국간장',333),(25,'양파',335),(25,'파프리카',338),(25,'가지',340),(25,'토마토',342),(58,'소금',343),(86,'식초',350),(25,'버터',352),(86,'맛술',353),(25,'치즈가루',356),(25,'소금',359),(86,'매실청',362),(25,'후추',364),(26,'감자',365),(86,'설탕',366),(26,'물 (감자가잠길만큼)',367),(86,'다진양파',368),(118,'닭다리',374),(118,'월계수잎',376),(118,'통후추',378),(118,'로즈마리',379),(118,'우유',381),(118,'밀가루',383),(118,'달걀',386),(118,'빵가루',388),(118,'우유',389),(118,'소금 약간',390),(118,'후춧가루 약간',391),(26,'소금',401),(26,'식용유 넉넉히',403),(26,'간장',405),(26,'식초',407),(26,'청양 고추 다진 것',417),(62,'소굴',460),(62,'양파즙',462),(62,'무우',475),(62,'양파',478),(62,'청양고추',480),(62,'마늘',482),(28,'감자탕용 돼지등뼈',487),(28,'감자 작은거',489),(28,'데친 얼갈이 배추',491),(28,'깻잎',497),(62,'쪽파',498),(62,'당근 약간',499),(28,'월개수 잎',500),(62,'통깨 약간',501),(62,'고춧가루',502),(28,'소주',503),(62,'매실액',504),(28,'양파',505),(62,'맛술',506),(62,'설탕',507),(62,'소금',508),(62,'액젓',509),(63,'굴',510),(28,'파',511),(63,'무',513),(63,'표고버섯',514),(63,'건다시마',515),(28,'사과',520),(63,'간장',521),(28,'마늘',523),(28,'생강 조금',526),(28,'청양고추',528),(63,'달래',530),(63,'매실액',532),(63,'고춧가루',534),(63,'참기름',535),(63,'통깨',537),(125,'하림토종닭백숙',541),(125,'파',543),(125,'양파',546),(125,'통마늘',549),(125,'찹쌀',551),(125,'양파',552),(125,'당근',553),(125,'부추',554),(125,'닭 가슴살 약간',555),(28,'고춧가루',571),(66,'면',574),(66,'닭가슴살',576),(66,'대파',578),(66,'생강',580),(66,'물',582),(66,'식용유',584),(28,'멸치액젓',585),(66,'닭가슴살 삶은 육수',586),(28,'국간장',587),(28,'들깨가루',588),(127,'닭안심',589),(66,'간장',591),(66,'치킨스톡',593),(66,'소금',595),(66,'후추',597),(127,'양파',601),(127,'당근 약간',603),(127,'양배추',605),(28,'다진 마늘',610),(28,'미림',612),(127,'감자',614),(28,'고추장',615),(127,'깻잎',617),(28,'된장',618),(127,'식용유',619),(127,'간장',621),(127,'고추장',631),(127,'고추가루',633),(127,'맛술',635),(127,'설탕',637),(127,'들기름',639),(127,'카레가루',641),(127,'다진마늘',644),(127,'후추',655),(70,'밥',659),(70,'김밥용 김',660),(127,'맛소금',662),(70,'햄',663),(128,'닭',665),(128,'당면',667),(128,'감자',673),(128,'당근',675),(128,'양파',678),(128,'고추',681),(128,'대파',683),(128,'다진마늘',684),(128,'우유',686),(128,'멸치',688),(128,'다시마',690),(128,'표고버섯',692),(128,'간장',697),(128,'고추장',700),(128,'고춧가루',702),(128,'요리당',704),(128,'간양파',706),(128,'청주',708),(128,'물',710),(128,'후추 약간',711),(128,'참기름 약간',713),(128,'액젓',715),(91,'낙지',716),(91,'콩나물',720),(91,'양파',722),(91,'당근 약간',724),(91,'대파',727),(91,'청양고추',731),(91,'홍고추',733),(91,'다진 마늘',735),(91,'간생강 약간',737),(91,'깻잎',740),(130,'볶음용 닭',743),(130,'당면',744),(130,'감자',745),(91,'소주',746),(91,'식용유 약간',747),(91,'매운고춧가루',748),(130,'떡볶이용 떡',749),(91,'고춧가루',750),(130,'양파',751),(91,'고추장',752),(130,'당근',753),(91,'설탕',754),(91,'진간장',755),(91,'청주',756),(91,'물엿',757),(91,'참기름',758),(130,'참기름',759),(70,'단무지',760),(91,'후춧가루 약간',761),(130,'청양고추',762),(70,'오이',763),(70,'당근',764),(70,'어묵',765),(70,'계란',766),(70,'맛살',767),(91,'통깨 약간',768),(130,'홍고추',769),(92,'낙지',770),(130,'소주',771),(130,'다시마 육수',772),(130,'맛술',773),(70,'참기름',774),(130,'간장',775),(70,'소금',776),(130,'설탕',777),(92,'양배추',778),(70,'간장',779),(70,'맛술',780),(70,'물엿',781),(71,'자숙새우',782),(71,'녹말가루',783),(130,'참기름',784),(71,'계란흰자',785),(71,'소금 약간',786),(71,'후춧가루 약간',787),(71,'녹말가루',788),(71,'튀김기름 적당량',789),(130,'다진마늘',790),(71,'다진마늘',791),(130,'다진생강',792),(130,'송송썬 대파',793),(92,'양파',798),(92,'대파',800),(71,'고추장',802),(92,'청량초',804),(71,'케찹',806),(92,'참기름',807),(71,'청주',809),(92,'후추',810),(71,'물엿',811),(92,'고추장',812),(71,'식초',813),(92,'진간장',814),(71,'물',815),(92,'조선간장',816),(71,'설탕',817),(92,'다진마늘',819),(72,'닭다리살',820),(92,'고춧가루',821),(72,'마늘',822),(92,'참기름',823),(72,'풋고추',824),(72,'파',825),(72,'녹말가루',826),(92,'매실액',830),(92,'굴소스',832),(92,'고추기름',834),(72,'고추가루',836),(92,'다진생강',837),(72,'맛술',839),(72,'소금 약간',842),(72,'후추 약간',844),(72,'간장',846),(72,'설탕',848),(72,'식초',850),(73,'냉동새우',853),(73,'쌀가루',860),(73,'감자전분',862),(73,'양파',864),(73,'당근',867),(73,'소금',868),(73,'후추',875),(73,'맛술',884),(73,'간장',887),(73,'설탕',890),(73,'식초',893),(73,'감자전분',896),(33,'꽃게',900),(33,'간장',903),(33,'물',905),(33,'청양고추',906),(33,'홍고추',908),(33,'사과',913),(33,'생강가루',914),(33,'소주',915),(33,'통마늘',917),(75,'꼬리반골',921),(75,'생수',924),(94,'낙지',926),(94,'박',928),(94,'배춧잎',933),(94,'표고버섯',940),(94,'실파',943),(94,'홍고추',947),(94,'멸치액젓',949),(94,'육수',952),(94,'마늘',953),(37,'돼지고기 다짐육',971),(37,'다진 대파 흰부분',974),(37,'만두피',976),(37,'설탕',980),(37,'다진 생강',988),(37,'간장',995),(37,'굴소스',998),(37,'식용유',1001),(37,'물',1004),(38,'고등어',1005),(38,'양파',1007),(38,'땡초',1009),(38,'쪽파',1019),(38,'간장',1020),(38,'고춧가루',1021),(38,'맛술',1026),(38,'고추장',1027),(38,'다진마늘',1031),(38,'설탕',1032),(39,'고등어',1033),(39,'무',1034),(39,'양파',1035),(39,'대파',1036),(39,'청양고추',1037),(39,'설탕',1040),(39,'다진마늘',1043),(39,'다진생강',1046),(39,'된장',1048),(39,'진간장',1056),(39,'들기름',1058),(39,'고추가루',1060),(96,'미니 돈까스',1104),(96,'고추장',1107),(96,'케첩',1110),(96,'간장',1113),(135,'생대구',1117),(135,'무',1120),(135,'대파',1122),(96,'올리고당',1123),(135,'양파',1124),(96,'다진마늘',1125),(135,'청양고추',1127),(96,'물',1128),(135,'물',1130),(96,'참기름',1131),(135,'멸치',1132),(135,'다시다',1134),(135,'파뿌리 적당히',1155),(135,'양파껍질 적당히',1158),(135,'대파흰부분',1160),(135,'다진마늘',1163),(135,'국간장',1165),(82,'꽃게',1172),(82,'바지락',1174),(135,'소금 간맞추기',1176),(82,'콩나물',1177),(44,'참치캔',1178),(136,'양념 대창',1179),(44,'감자',1180),(44,'양파',1181),(44,'두부',1182),(82,'물',1183),(44,'대파',1184),(82,'대파',1186),(44,'청양고추',1187),(82,'양파',1188),(44,'물',1189),(82,'청양고추',1190),(44,'고추장',1191),(82,'청주',1192),(44,'고춧가루',1193),(98,'돼지내장',1194),(82,'고추장',1196),(44,'간장',1197),(98,'된장',1198),(82,'고춧가루',1200),(98,'월계수잎',1201),(82,'간장',1203),(98,'팔각',1204),(98,'통후추',1206),(44,'다진마늘',1208),(98,'삶은돼지내장',1209),(44,'소금',1211),(98,'사골곰탕육수',1212),(98,'썬파',1214),(98,'고추기름',1215),(98,'다진마늘',1216),(98,'다진생강',1217),(98,'새우젓',1218),(138,'더덕',1219),(138,'고추장',1220),(138,'고춧가루',1221),(98,'멸치액젓',1222),(98,'청양고추',1223),(98,'고춧가루',1224),(138,'간장',1225),(98,'맛술',1226),(138,'올리고당',1227),(138,'소주',1229),(138,'매실엑기스',1232),(138,'다진마늘',1234),(138,'참기름',1236),(138,'간장',1238),(138,'참기름',1239),(140,'도가니',1241),(46,'말린 곤드레나물',1248),(140,'사태',1249),(46,'쌀',1250),(140,'양파',1251),(140,'파',1252),(140,'쪽 마늘',1253),(46,'참기름',1256),(46,'달래',1257),(46,'고추가루',1258),(140,'부추 (수육옆에 놓을 정도)',1259),(46,'진간장',1260),(46,'국간장',1261),(140,'간장',1262),(140,'식초',1263),(140,'물',1264),(140,'겨자 적당량 (취향)',1265),(46,'참기름',1267),(46,'깨',1269),(46,'다진마늘',1271),(82,'맛술',1280),(82,'설탕',1287),(82,'다진마늘',1290),(82,'참기름',1291),(82,'전분',1292),(82,'물',1293),(82,'참깨',1295),(83,'꽃게',1297),(83,'양파(중)',1300),(83,'호박',1302),(83,'대파',1304),(83,'청양고추',1306),(83,'물',1327),(83,'후춧가루 약간',1329),(83,'고추장',1330),(83,'집된장',1331),(83,'고춧가루',1332),(83,'소금',1334),(83,'국간장',1335),(83,'다진마늘',1337),(103,'깐녹두',1387),(103,'쌀',1388),(103,'돼지고기 갈은것',1389),(103,'김치',1392),(86,'한우 소고기불고기',1393),(86,'알배추',1395),(103,'숙주',1396),(86,'깻잎',1397),(103,'다진마늘',1399),(86,'청경채',1400),(103,'생강가루나 생강즙 약간',1402),(86,'백만송이버섯',1403),(103,'후추 약간',1405),(103,'미림',1407),(103,'참치액젓',1409),(49,'사골',1410),(103,'소금',1411),(103,'들기름 약간',1412),(49,'잡뼈',1415),(49,'사태',1416),(50,'곱창',1417),(50,'감자',1418),(50,'참기름',1419),(51,'곱창',1420),(51,'깻잎',1421),(51,'양배추',1422),(51,'양파',1423),(51,'당근',1425),(51,'대파',1426),(51,'당면',1427),(51,'고추장',1428),(51,'고추가루',1429),(51,'간장',1431),(51,'후추',1433),(51,'미림',1454),(51,'마늘',1457),(51,'매실액',1460),(51,'참기름',1465),(52,'소곱창',1467),(52,'배추',1471),(52,'부추',1474),(52,'양파',1478),(52,'당면',1481),(52,'고추장',1485),(52,'고춧가루',1497),(52,'들깨가루',1503),(52,'사골곰탕',1506),(146,'돼지고기등심',1507),(146,'밀가루 적당량',1508),(52,'멸치액젓',1509),(146,'계란',1511),(52,'마늘',1513),(52,'간장',1515),(52,'깻잎',1517),(146,'빵가루 적당량',1523),(146,'소금 적당량',1525),(146,'후추 적당량',1528),(146,'양상추 (곁들일양)',1530),(146,'다진양파',1533),(175,'느타리버섯',1534),(146,'다진마늘',1535),(175,'양파',1536),(146,'케찹',1537),(175,'애호박',1538),(146,'머스터드소스',1539),(175,'청양고추',1540),(146,'오일',1541),(146,'간장',1542),(175,'두부',1543),(146,'설탕',1544),(175,'물',1545),(146,'후추',1546),(175,'된장',1547),(175,'진간장',1549),(175,'고추가루',1551),(175,'다진마늘',1553),(175,'설탕',1556),(175,'소금 간맞추기',1559),(182,'두부',1638),(182,'감자',1641),(182,'애호박',1644),(182,'양파',1646),(182,'대파',1649),(182,'청양고추',1651),(182,'간장',1652),(182,'새우젓',1654),(182,'맛술',1655),(182,'고춧가루',1657),(182,'설탕',1659),(182,'다진 마늘',1661),(182,'다진 생강',1663),(182,'후추 약간',1666),(182,'멸치다시마육수',1668),(183,'두부',1669),(183,'양파',1673),(183,'파',1675),(183,'식용유',1678),(183,'들기름',1680),(183,'물',1683),(183,'간장',1686),(183,'고춧가루',1688),(183,'굴소스',1690),(183,'다진 마늘',1691),(183,'설탕',1692),(183,'깨',1694),(183,'참기름',1697),(207,'생선 (원하는대로)',1706),(207,'양파',1708),(207,'파',1710),(207,'무',1712),(207,'매운고추',1715),(207,'호박',1717),(207,'고추장',1721),(207,'다진마늘',1724),(207,'맛술',1727),(207,'고춧가루',1729),(207,'쌈장',1731),(186,'소고기다진것',1797),(210,'무',1823),(210,'쪽파',1826),(210,'고추냉이',1829),(210,'김가루',1831),(210,'오이',1833),(186,'돼지고기다진것',1834),(210,'동치미무(쌈무)',1835),(186,'간장',1837),(210,'쯔유',1838),(186,'설탕',1840),(210,'냉수',1841),(186,'올리고당',1843),(186,'참기름',1845),(155,'통삼겹살',1846),(186,'마늘',1847),(155,'붉은 양파',1848),(155,'파채',1850),(155,'참기름',1852),(155,'소금',1854),(155,'물',1856),(155,'간장',1858),(186,'생강즙',1859),(155,'설탕',1860),(186,'배즙',1861),(155,'꿀',1862),(186,'다진파',1863),(155,'참기름',1864),(112,'닭',1865),(186,'참기름',1866),(112,'양파',1868),(186,'간장',1870),(112,'대파',1871),(186,'꿀',1874),(112,'후추',1875),(187,'떡국 떡',1878),(112,'통마늘',1879),(187,'국거리 소고기',1881),(112,'청주 (or소주)',1883),(187,'대파',1885),(112,'월계수잎 (생략가능)',1887),(187,'계란',1889),(187,'물',1892),(187,'다진 마늘',1894),(212,'무',1896),(112,'다진마늘',1897),(187,'국간장',1898),(212,'쪽파',1900),(187,'액젓',1901),(112,'소금',1902),(212,'고추냉이',1904),(187,'참기름',1905),(212,'김가루',1908),(187,'식용유',1910),(212,'오이',1913),(187,'소금 약간',1914),(187,'후춧가루 약간',1916),(212,'동치미무(쌈무)',1924),(212,'쯔유',1926),(212,'냉수',1928),(213,'식빵',1930),(213,'새우',1931),(213,'전분',1935),(213,'달걀 흰자',1937),(213,'소금 약간',1938),(213,'후추 약간',1940),(213,'녹인 버터',1942),(213,'올리브유',1944),(213,'설탕',1945),(213,'굴소스',1946),(213,'케찹',1948),(213,'식초',1954),(213,'다진 마늘',1957),(238,'소금',1960),(189,'떡볶이떡',1962),(238,'무',1965),(189,'물',1966),(238,'돼지고기장조림',1968),(189,'대파',1970),(238,'식초',1973),(189,'통깨 약간',1974),(189,'고추장',1977),(189,'고추가루',1980),(189,'간장',1982),(238,'설탕(매실액)',1983),(189,'설탕',1985),(238,'고춧가루',1986),(190,'또띠아',1988),(238,'생수',1989),(190,'양파',1991),(238,'약고추장',1992),(190,'햄',1994),(190,'계란',1996),(238,'생수',1998),(190,'치즈',1999),(238,'겨자',2001),(190,'다진파',2003),(190,'버터(기름)',2006),(190,'소금 약간',2008),(190,'후추 약간',2010),(190,'설탕',2012),(191,'라면',2014),(191,'파 약간',2017),(191,'청양고추',2020),(240,'밀가루',2022),(191,'라면수프',2024),(240,'찬물',2025),(240,'바지락',2028),(240,'양파',2031),(240,'당근 약간',2034),(240,'대파',2037),(240,'물',2040),(240,'다시멸치',2043),(159,'돼지고기',2045),(240,'마른다시마',2046),(159,'맛술',2048),(240,'통마늘',2049),(240,'국간장',2051),(240,'소금 약간',2052),(191,'굴소스',2060),(191,'버터 약간',2063),(191,'마요네즈 취향껏',2066),(192,'라면',2069),(192,'파 약간',2072),(192,'청양고추',2075),(192,'라면수프',2078),(192,'굴소스',2081),(192,'버터 약간',2084),(192,'마요네즈 취향껏',2087),(159,'마늘 작은 손',2092),(159,'초록 고추',2101),(244,'배추 속',2105),(194,'닭다리살',2109),(194,'마늘',2111),(194,'대파',2113),(194,'생강 약간',2115),(244,'밀가루',2116),(159,'감자',2118),(244,'물',2120),(159,'감자전분',2121),(244,'간장',2123),(159,'후추 적당히',2124),(159,'물',2126),(159,'된장',2128),(159,'고춧가루',2130),(159,'설탕',2132),(159,'매실즙',2134),(159,'진간장',2136),(194,'건고추',2138),(194,'청피망',2139),(159,'굴소스',2142),(244,'식용유 넉넉히',2144),(244,'국간장',2146),(244,'진간장',2148),(161,'돼지고기',2150),(244,'다진마늘',2151),(161,'고추장',2153),(244,'고춧가루',2154),(244,'참기름',2156),(244,'파 다진것',2158),(244,'설탕',2160),(244,'식초',2162),(194,'홍피망',2163),(194,'불린 건표고버섯',2166),(194,'죽순',2169),(194,'달걀(흰자)',2172),(194,'불린 전분',2175),(194,'고추기름',2178),(194,'닭육수',2181),(161,'굴소스',2184),(194,'물녹말 약간',2185),(194,'참기름 약간',2188),(161,'올리고당',2189),(194,'술 약간',2192),(161,'참기름',2193),(246,'소고기다짐육',2195),(161,'맛술 약간',2196),(194,'진간장 약간',2197),(246,'모닝빵',2198),(161,'물',2199),(194,'후추 약간',2200),(246,'양파',2201),(161,'간장',2202),(194,'진간장',2203),(246,'양상추',2204),(161,'다진마늘',2205),(194,'진간장',2206),(246,'체다치즈',2207),(161,'강황가루(카레가루) 약간',2208),(194,'굴소스',2209),(246,'베이컨',2210),(162,'돼지고기안심(사태)',2211),(194,'설탕',2212),(246,'토마토',2213),(162,'양파',2214),(246,'빵가루',2215),(194,'술',2216),(162,'당근 조금',2217),(246,'계란노른자',2218),(194,'후추 약간',2219),(162,'허브맛 솔트 조금',2220),(246,'버터 소량',2221),(246,'감자',2222),(246,'튀김가루(감자드실분)',2223),(246,'아일랜드소스 (시판용)',2224),(162,'올리브유',2225),(246,'소금',2226),(246,'후추',2227),(162,'로즈마리 말린것 조금',2228),(247,'느타리버섯',2229),(247,'양파',2231),(247,'대파',2233),(247,'밥',2234),(247,'참깨 약간',2235),(195,'다진마늘',2236),(247,'간장',2238),(195,'느타리버섯',2239),(247,'물',2242),(195,'양파',2243),(195,'베이컨',2245),(195,'슬라이스 치즈',2247),(195,'우유',2249),(195,'후추',2251),(196,'쇠고기 샤브샤브용',2253),(220,'모둠전',2254),(196,'오징어',2255),(220,'양파',2256),(196,'절단 꽃게',2257),(196,'고추기름',2258),(196,'느타리 버섯',2259),(247,'고추가루',2260),(247,'참기름',2262),(247,'설탕',2264),(220,'느타리버섯',2268),(196,'알배추',2270),(220,'홍고추',2271),(196,'숙주나물',2273),(220,'신 김치',2274),(220,'대파',2276),(196,'중국납작 당면',2277),(196,'떡볶이 떡',2280),(196,'비엔나소세지',2282),(196,'유부',2285),(196,'사골육수',2287),(196,'물',2288),(196,'실 당면',2289),(220,'다시마 육수',2290),(220,'멸치액젓',2291),(196,'땅콩잼',2293),(220,'김칫국물',2294),(197,'두부',2296),(220,'국간장',2297),(197,'돼지고기다짐육',2299),(220,'고춧가루',2300),(197,'다진파 넉넉하게',2302),(220,'다진 마늘',2304),(220,'맛술 미림',2306),(197,'다진양파',2310),(197,'다진마늘',2312),(197,'고춧가루',2314),(197,'간장',2317),(197,'설탕',2319),(197,'굴소스',2322),(197,'소금 톡톡',2332),(197,'된장',2335),(197,'전분물',2339),(197,'치킨스톡 (멸치육수) 약간',2344),(197,'물',2347),(197,'후추 조금',2350),(198,'메밀국수',2357),(198,'적채',2361),(198,'상추',2363),(198,'당근',2389),(198,'양파',2392),(198,'오이',2395),(198,'사과',2397),(198,'간장',2399),(198,'고춧가루',2401),(198,'마늘',2403),(198,'식초',2406),(198,'설탕',2408),(198,'사이다',2412),(198,'깨소금',2423),(198,'연겨자',2426),(198,'아몬드 슬라이스',2428),(199,'막창',2430),(199,'된장',2432),(254,'다양한버섯 (느타리/표고/팽이/새송이/꼬마)',2433),(199,'통마늘',2435),(254,'대파',2436),(254,'당근',2438),(254,'양파',2439),(254,'소불고기',2441),(254,'물',2444),(254,'된장',2447),(254,'고추장',2450),(254,'고춧가루',2452),(199,'소주',2453),(199,'우유',2455),(199,'소금',2458),(199,'후추',2461),(254,'설탕',2464),(254,'다진마늘',2467),(254,'국간장',2470),(199,'허브가루',2471),(254,'간장',2473),(199,'고추장',2474),(254,'물',2475),(199,'참기름',2481),(199,'통깨',2484),(199,'쌈장',2486),(199,'고추장',2489),(199,'된장',2492),(199,'맛술',2494),(199,'마요네즈',2496),(199,'다진마늘',2498),(199,'썬파',2516),(199,'청양고추',2518),(199,'꿀',2519),(199,'디포리해물 육수',2520),(199,'고추장',2521),(227,'도토리',2526),(227,'오이',2528),(199,'고춧가루',2529),(227,'김치',2530),(199,'고추장',2531),(227,'김가루 약간',2532),(199,'후추',2533),(227,'통깨',2534),(199,'간장',2535),(227,'냉면육수',2536),(228,'삶은 문어',2537),(228,'오이',2538),(228,'양파',2539),(228,'깻잎',2540),(228,'쑥갓 약간',2541),(199,'비빔면스프',2545),(199,'설탕',2547),(199,'다진마늘',2549),(228,'당근 약간',2551),(228,'고추장',2553),(228,'고춧가루',2555),(228,'다진마늘',2557),(258,'양파',2558),(228,'감식초',2559),(199,'썬파',2560),(258,'홍고추',2561),(199,'맛술',2562),(258,'풋고추',2563),(200,'돼지고기 간 거',2564),(200,'당면',2565),(200,'부추',2566),(258,'다진생강',2567),(258,'다진마늘',2568),(258,'매실액',2569),(200,'두부',2570),(200,'양파',2571),(200,'대파',2572),(200,'숙주나물',2573),(258,'양조간장',2574),(200,'김치',2575),(258,'고춧가루',2576),(200,'설탕',2577),(258,'물',2578),(200,'간장',2579),(258,'병어',2580),(200,'굴소스',2581),(258,'감자',2582),(200,'청주',2583),(258,'대파',2584),(200,'생강 약간',2585),(200,'후추 약간',2587),(200,'마늘',2589),(201,'냉동만두',2593),(168,'돼지고기 등심',2651),(168,'튀김가루',2652),(168,'캐슈넛',2653),(168,'마늘',2654),(168,'포도씨유',2655),(168,'튀김용 식용유 적당량',2656),(168,'다진마늘',2657),(168,'건고추',2658),(168,'생강술',2659),(168,'소금',2660),(168,'후춧가루 약간',2661),(168,'튀김가루',2662),(168,'물',2663),(168,'간장',2664),(168,'설탕',2665),(168,'맛술',2666),(168,'식초',2667),(168,'굴소스',2668),(228,'매실액',2669),(228,'올리고당',2670),(168,'올리고당',2671),(169,'돼지껍데기',2672),(228,'설탕',2673),(169,'된장',2674),(228,'참기름',2675),(228,'통깨',2676),(169,'소주',2679),(169,'파뿌리 (선택)',2680),(169,'맛소금 약간',2681),(169,'후춧가루 약간',2682),(201,'달걀',2698),(201,'대파',2699),(201,'당근 약간 (생략 가능)',2701),(201,'양파 약간 (생략 가능)',2702),(201,'국간장',2704),(201,'소금 약간',2705),(201,'다시다 약간 (기호에 따라)',2706),(202,'왕만두(김치만두)',2707),(202,'사골',2708),(202,'두부(물두부)',2709),(202,'양파',2710),(202,'버섯',2711),(202,'떡국떡',2718),(202,'당면',2720),(230,'냉면면',2721),(202,'파',2722),(202,'고추장',2724),(202,'고추가루',2726),(202,'국간장',2728),(230,'냉면육수',2732),(230,'양파',2737),(230,'고추장',2739),(230,'물엿',2741),(230,'간장',2743),(230,'소금',2745),(230,'다진마늘',2746),(230,'매실청',2747),(230,'설탕',2748),(202,'간장',2750),(202,'굴소스',2751),(202,'다진마늘',2753),(202,'매실액',2754),(202,'맛술',2755),(230,'식초',2756),(202,'청양고추',2757),(230,'깨소금',2759),(202,'후추 약간',2760),(230,'후추 약간',2761),(230,'고추가루',2767),(231,'물만두',2771),(231,'물',2774),(231,'찬물',2777),(231,'참기름',2781),(231,'생수',2783),(231,'간장',2785),(231,'설탕',2788),(231,'식초',2791),(172,'돼지고기',2798),(231,'고추가루',2799),(172,'다진마늘',2800),(232,'오이',2801),(172,'대파',2802),(232,'당근 약간',2803),(232,'양배추 두 줌',2804),(172,'다진생강 약간',2806),(172,'깻잎 (선택)',2807),(172,'진간장',2809),(232,'해산물 기호에맞게',2815),(172,'설탕',2817),(172,'맛술',2821),(172,'청주',2825),(232,'고추장',2826),(172,'참기름',2828),(232,'고춧가루',2829),(172,'후춧가루 약간',2831),(232,'식초',2836),(232,'설탕',2837),(232,'소금',2839),(268,'김치',2840),(232,'매실청',2841),(268,'햄',2842),(232,'물',2844),(268,'스팸',2846),(232,'사이다',2848),(232,'깨소금',2851),(232,'참기름',2853),(232,'얼음 약간',2856),(299,'삼치 반마리 뼈를 바른 삼치 / 길게',2863),(299,'감자',2865),(299,'양파',2867),(299,'대파',2870),(268,'두부',2873),(268,'떡',2875),(268,'대파',2877),(299,'고추장',2881),(268,'홍고추',2882),(299,'고추가루',2884),(299,'간장',2886),(268,'청양고추 큰거',2887),(299,'다진마늘',2889),(268,'사골곰탕',2890),(268,'된장',2892),(268,'고추가루',2894),(299,'매실액',2896),(268,'마늘',2898),(299,'후추 약간',2899),(268,'국간장',2900),(299,'물 약간',2901),(268,'설탕',2902),(268,'물',2904),(269,'부추 (',2907),(269,'당근',2930),(269,'양파',2935),(269,'청양고추',2939),(269,'부침가루',2942),(269,'찬물',2945),(269,'카놀라유 약간',2948),(271,'황태채',2976),(271,'콩나물',2977),(271,'무',2979),(271,'대파',2982),(271,'계란',2985),(266,'식은밥',2986),(266,'달걀',2988),(271,'양파',2989),(266,'스팸',2991),(271,'땡초',2992),(271,'국간장',2995),(271,'참기름',2997),(271,'다진마늘',3000),(266,'칵테일새우',3003),(271,'맛소금 적당히',3004),(266,'대파(흰부분)',3007),(266,'양파',3010),(266,'당근',3013),(266,'소금',3016),(266,'간장',3019),(304,'자숙새우',3022),(304,'식용유 약간',3024),(304,'다진마늘',3025),(304,'버터',3027),(304,'소금',3029),(304,'파슬리가루 약간',3032),(238,'밀면',3069),(238,'달걀',3072),(330,'월계수잎',3087),(331,'소고기',3089),(331,'고사리',3091),(362,'맛살',3096),(331,'토란 나물',3097),(362,'다진단무지',3099),(331,'느타리버섯',3100),(331,'숙주',3103),(362,'어린잎채소',3104),(362,'도시락 김',3107),(362,'참기름',3110),(362,'통깨',3112),(308,'새우 큰거',3121),(308,'달걀',3123),(362,'다진김치',3125),(308,'차가운물',3126),(362,'간장',3128),(308,'밀가루',3129),(362,'설탕',3131),(331,'당면',3132),(308,'튀김가루',3133),(331,'식용류',3135),(362,'참기름',3136),(308,'튀김기름 적당량',3137),(331,'참기름',3139),(331,'진간장',3140),(362,'통깨',3141),(309,'식빵',3143),(331,'국간장',3144),(363,'명란알',3145),(309,'양파',3146),(309,'양배추',3148),(309,'버터',3149),(331,'정종',3151),(309,'딸기잼',3152),(331,'된장',3153),(309,'다진마늘',3154),(331,'고추가루',3156),(309,'마요네즈',3157),(331,'생강',3159),(309,'케찹 약간',3160),(332,'소고기 불고기감',3161),(332,'알배추',3163),(332,'느타리버섯 적당량',3165),(310,'플레인요거트',3166),(332,'양파',3167),(363,'다시팩',3169),(332,'파',3170),(310,'꿀',3171),(332,'다시마',3173),(363,'무',3174),(310,'레몬즙',3175),(332,'양파',3177),(310,'마요네즈',3178),(276,'가는 쌀국수 면(버미셀리)',3179),(332,'통대파',3180),(363,'애호박',3181),(310,'소금 톡톡',3182),(332,'간장',3183),(276,'삼겹살',3184),(310,'후추 톡톡',3185),(332,'마늘',3186),(363,'콩나물',3187),(276,'만두',3188),(310,'샐러드채소',3189),(332,'참기름',3190),(276,'양상추 약간',3191),(363,'대파',3192),(311,'동태살',3193),(276,'고수 약간',3195),(311,'밀가루',3196),(363,'쑥갓',3198),(311,'계란',3199),(276,'어린잎 약간',3200),(363,'소금',3201),(276,'피쉬소스',3202),(276,'다진 마늘 약간',3204),(363,'고추장',3205),(276,'설탕',3207),(276,'간장',3209),(363,'고추가루',3210),(276,'레몬주스',3212),(276,'미림',3214),(363,'국간장',3215),(276,'설탕',3217),(363,'다진마늘',3219),(276,'물',3220),(276,'피쉬소스',3222),(363,'후추가루',3224),(276,'당근 다짐',3225),(311,'빵가루',3227),(363,'생강가루 (or생강즙)',3228),(276,'레몬즙',3230),(276,'식초',3232),(276,'미림',3234),(277,'소고기 불고기감',3235),(277,'양파',3237),(311,'소금 약간',3238),(277,'당근',3239),(311,'흰후추 약간',3241),(277,'당면',3242),(311,'마요네즈',3244),(277,'양배추 약간',3245),(311,'레몬즙',3248),(311,'다진피클',3250),(311,'다진양파',3253),(365,'애호박',3255),(311,'삶은달걀',3256),(311,'소금 약간',3258),(365,'계란',3259),(311,'후추 약간',3260),(365,'밀가루',3261),(312,'샤브샤브용소고기',3262),(312,'미나리',3264),(365,'소금',3265),(312,'느타리버섯',3267),(312,'양파',3270),(312,'물',3272),(312,'무',3275),(312,'양파',3276),(312,'대파',3280),(312,'홍고추',3282),(277,'팽이버섯',3283),(312,'청양고추',3285),(277,'쪽파',3287),(312,'자른 다시마',3288),(277,'진간장',3290),(312,'멸치',3291),(277,'국간장',3293),(312,'고춧가루',3294),(277,'설탕',3296),(312,'고추장',3297),(277,'물엿',3299),(312,'간장',3301),(277,'다진마늘',3302),(312,'다진마늘',3304),(277,'생강가루',3305),(312,'소금',3306),(277,'후추',3307),(312,'후춧가루',3308),(312,'다진 청양고추',3310),(277,'다시마',3320),(277,'물',3323),(338,'소고기',3351),(338,'아스파라거스',3354),(338,'방울토마토',3356),(338,'마늘',3358),(338,'버터',3359),(338,'소금 약간',3361),(338,'후추 약간',3363),(338,'올리브유',3366),(338,'로즈마리 약간',3383),(338,'간장',3386),(338,'굴소스',3389),(338,'맛술',3395),(338,'설탕',3398),(338,'물',3400),(339,'돼지고기 등심',3402),(339,'양파',3404),(339,'가지',3406),(339,'청양고추',3408),(316,'쇠고기',3409),(339,'홍고추',3410),(316,'무',3411),(339,'로즈마리',3412),(316,'선지',3413),(339,'다진마늘',3414),(316,'숙주',3415),(339,'올리브유',3417),(316,'풋고추',3418),(339,'소금',3419),(316,'붉은 고추',3421),(339,'후추 조금',3423),(316,'고춧가루',3424),(316,'올리브유',3432),(316,'대파',3436),(316,'마늘 약간',3439),(317,'무',3442),(317,'쪽파',3445),(317,'설탕',3448),(317,'굵은소금',3464),(341,'소불고기',3466),(317,'따뜻한 물',3468),(341,'양파',3470),(317,'사과',3471),(317,'양파',3473),(341,'대파',3482),(341,'팽이버섯',3483),(317,'새우젓',3485),(341,'느타리버섯',3486),(317,'멸치 액젓',3487),(341,'설탕',3489),(317,'식은 밥',3490),(341,'물엿',3491),(341,'매실액',3493),(341,'다진마늘',3495),(341,'간장',3496),(317,'매실청',3497),(341,'후추 약간',3498),(317,'고춧가루',3499),(341,'참기름',3500),(317,'마늘',3502),(317,'요구르트',3505),(346,'수육용 삼겹살',3554),(346,'굴소스 약간',3557),(346,'후추 조금',3559),(346,'파',3562),(346,'마늘',3566),(346,'된장',3579),(346,'생강 작은 것',3583),(346,'월계수잎',3585),(282,'국수',3595),(282,'깻잎',3602),(282,'열무 김치 적당량 (있으면)',3604),(282,'고추장',3606),(282,'고춧가루',3608),(282,'식초',3610),(282,'설탕',3612),(282,'다진마늘',3614),(282,'간장',3617),(282,'와사비',3621),(282,'참기름',3625),(282,'다진 고추 약간',3627),(282,'깨소금 약간',3630),(348,'순대',3631),(348,'양배추',3633),(283,'냉면사리',3634),(348,'깻잎',3636),(348,'양파',3638),(348,'대파',3640),(348,'당근',3642),(348,'통깨',3644),(283,'시판냉면육수',3645),(348,'',3646),(373,'오징어몸통',3647),(348,'고추장',3648),(373,'새우',3649),(348,'고춧가루',3650),(373,'잡채용소고기',3651),(283,'오이',3652),(373,'양장피',3653),(283,'쌈무 소량',3654),(373,'달걀',3655),(283,'참기름 적당량',3657),(348,'간장',3658),(373,'오이',3659),(283,'삶은계란',3660),(348,'올리고당',3661),(283,'고추가루',3662),(373,'당근',3663),(348,'다진마늘',3664),(283,'설탕',3665),(348,'다진파',3666),(373,'표고버섯',3667),(283,'다진마늘',3668),(348,'미림',3669),(283,'진간장',3670),(373,'맛살',3671),(283,'매실액',3672),(373,'피망',3673),(283,'다진파',3674),(373,'홍고추',3675),(373,'간장',3676),(348,'청주',3677),(348,'생강가루',3678),(373,'설탕',3679),(348,'물',3680),(283,'고추장',3681),(373,'다진마늘',3682),(348,'참기름',3683),(349,'순대',3685),(373,'참기름',3686),(349,'사골육수',3687),(373,'후추 약간',3688),(283,'식초',3689),(373,'간장',3690),(283,'깨소금',3691),(373,'설탕',3692),(373,'참기름',3695),(349,'고춧가루',3696),(373,'연겨자',3698),(373,'식초',3701),(349,'다진마늘',3703),(373,'올리고당',3704),(349,'표고버섯가루',3705),(373,'레몬즙',3706),(349,'청양고추',3708),(349,'후추 약간',3710),(373,'다진마늘',3712),(349,'들깨가루 기호껏',3713),(373,'참기름',3716),(349,'부추 기호에따라',3717),(321,'멸치육수',3718),(349,'대파 기호껏',3720),(321,'무',3721),(373,'소금',3722),(350,'순대',3724),(321,'한우국거리용',3725),(350,'양배추',3726),(350,'깻잎',3729),(350,'양파',3731),(350,'대파',3732),(350,'당근',3734),(350,'통깨',3739),(350,'',3741),(350,'고추장',3743),(350,'고춧가루',3744),(321,'콩나물',3747),(321,'대파',3749),(321,'땡초',3751),(350,'간장',3752),(350,'올리고당',3753),(350,'다진마늘',3754),(350,'다진파',3755),(350,'미림',3756),(350,'청주',3757),(350,'생강가루',3758),(350,'물',3759),(321,'고추가루',3760),(321,'다진마늘',3761),(350,'참기름',3762),(321,'국간장',3765),(321,'새우젓(소금)',3767),(351,'순대',3768),(321,'참기름',3770),(351,'양파',3771),(322,'우삼겹',3772),(351,'청량고추',3774),(322,'양파',3775),(351,'콩나물',3776),(322,'설탕',3778),(351,'팽이버섯',3779),(322,'맛술',3781),(322,'올리고당',3782),(322,'간장',3784),(322,'다진마늘',3785),(376,'어묵',3790),(376,'파 약간',3791),(376,'표고버섯',3792),(376,'맛살',3795),(376,'쯔유',3797),(351,'맛타리버섯',3800),(376,'소금 약간',3801),(351,'물',3803),(376,'물',3804),(351,'다시마',3806),(351,'멸치',3807),(351,'깻잎',3811),(351,'들깨가루',3820),(351,'된장',3823),(378,'어묵',3833),(378,'무',3836),(378,'양파',3839),(378,'대파',3841),(378,'땡초',3842),(378,'멸치다시팩',3844),(378,'간장',3846),(378,'후추',3847),(378,'다진마늘',3848),(286,'돼지고기',3849),(286,'애호박',3850),(286,'양파',3851),(378,'소금',3852),(286,'당근',3853),(286,'고추장',3854),(286,'간장',3856),(286,'설탕',3858),(286,'깨소금',3859),(286,'참기름',3861),(286,'식초',3865),(287,'소고기 슬라이스',3866),(287,'달걀',3868),(287,'밀가루 적당량',3869),(287,'빵가루 적당량',3871),(287,'파슬리가루 적당량',3877),(351,'고추장',3879),(287,'바질가루 조금',3880),(351,'고춧가루',3881),(287,'소금 조금',3883),(351,'국간장',3884),(351,'설탕',3886),(351,'다진마늘',3887),(351,'후추',3889),(352,'순두부',3890),(352,'대파',3892),(287,'후춧가루 조금',3893),(352,'양파',3894),(352,'애호박',3895),(287,'생강가루 조금',3896),(352,'청양고추',3897),(352,'달걀',3898),(288,'뼈',3899),(352,'참기름',3900),(288,'시래기',3901),(352,'식용유',3902),(352,'고추가루',3903),(352,'소금',3904),(352,'설탕',3905),(352,'굴소스',3907),(288,'양파',3909),(288,'청양고추',3913),(352,'간장',3915),(288,'들깨가루',3916),(352,'다진 마늘',3917),(352,'멸치육수',3918),(288,'고춧가루',3919),(288,'국간장',3922),(288,'된장',3927),(382,'연어',3929),(288,'새우젓',3931),(382,'올리브유',3932),(288,'간마늘',3935),(288,'소주',3938),(382,'허브솔트',3941),(289,'사골',3944),(382,'마요네즈',3945),(289,'물',3949),(382,'식초',3950),(382,'올리고당',3952),(382,'허브솔트',3955),(382,'파슬리가루 약간',3959),(382,'양파',3963),(382,'피클',3967),(355,'토마토',3990),(355,'양파',3992),(355,'다진마늘',3994),(355,'올리브유 조금',3995),(355,'케찹 조금 (색깔내기용도)',3998),(355,'소금 조금',3999),(355,'설탕 아주조금',4001),(355,'파슬리가루 조금',4002),(357,'감자',4004),(357,'물 (감자가잠길만큼)',4014),(357,'소금',4017),(291,'삼겹살',4039),(357,'식용유 넉넉히',4042),(357,'간장',4043),(357,'식초',4044),(291,'대파',4045),(357,'청양 고추 다진 것',4046),(291,'소금 약간',4048),(358,'아구',4054),(358,'미니리',4056),(358,'콩나물',4058),(291,'후추 약간',4059),(358,'무우',4060),(358,'소금',4062),(291,'맛술',4063),(358,'마늘',4064),(291,'밀가루',4065),(358,'대파',4066),(358,'청양고추',4067),(358,'약술',4068),(358,'된장',4069),(291,'간장',4079),(291,'맛술',4097),(291,'다진마늘',4101),(291,'다진생강 약간',4104),(291,'올리고당',4108),(291,'후추 약간',4109),(330,'소고기(채끝)',4113),(330,'베이컨',4116),(330,'당근',4118),(330,'양파',4121),(330,'샐러리',4124),(330,'양송이',4131),(330,'치킨스톡',4140),(330,'레드와인',4142),(330,'버터',4144),(330,'양파 마늘 다진것',4146),(385,'찹쌀',4151),(330,'양파 마늘 다진것',4152),(385,'연잎',4153),(330,'설탕',4154),(385,'소금',4156),(330,'홀토마토',4157),(330,'토마토소스',4159),(361,'아귀',4161),(361,'콩나물',4162),(361,'미나리',4163),(385,'은행',4164),(361,'양파',4165),(385,'밤',4166),(385,'콩',4167),(361,'대파',4168),(385,'잣',4169),(361,'홍고추',4170),(385,'땅콩',4172),(361,'풋고추',4173),(386,'낙지',4175),(361,'다시마 멸치 육수',4176),(386,'무',4179),(361,'된장',4180),(386,'미나리',4181),(293,'닭',4183),(293,'삼계탕용약재',4184),(361,'고춧가루',4185),(386,'표고버섯',4186),(361,'다진 마늘',4187),(386,'대파',4188),(386,'청양고추',4189),(386,'멸치다시마 육수',4190),(386,'다진마늘',4191),(361,'멸치액젓',4192),(386,'국간장',4193),(361,'설탕',4194),(386,'소금',4195),(361,'진간장',4196),(386,'후추 약간',4197),(361,'다시마 멸치육수',4198),(361,'맛술 미림',4201),(361,'전분물',4203),(361,'후추 취향껏',4205),(362,'쌀밥',4207),(293,'찹쌀',4209),(362,'날치알',4211),(293,'마늘',4220),(293,'소금',4222),(293,'대파',4224),(426,'소고기',4226),(426,'배',4229),(426,'쪽파',4231),(426,'계란 노른자',4234),(426,'소금',4236),(426,'설탕',4238),(426,'국간장',4240),(426,'참기름',4242),(426,'매실액',4244),(426,'다진마늘',4247),(426,'통깨',4249),(396,'생 오리 슬라이스',4253),(396,'청양고추',4255),(396,'대파',4256),(396,'양파',4257),(396,'청주',4258),(396,'다진마늘',4260),(396,'소금 조금',4265),(396,'후춧가루 조금',4268),(396,'고추장',4271),(396,'고춧가루',4273),(396,'간장',4275),(396,'매실액',4277),(396,'올리고당',4279),(396,'다진마늘',4307),(396,'후춧가루 조금',4310),(396,'참기름 조금',4314),(397,'오리',4317),(397,'미나리',4319),(397,'소주',4321),(397,'된장',4323),(397,'고추가루',4324),(397,'다진마늘',4325),(397,'국간장',4327),(397,'들깨가루',4329),(398,'햄',4331),(398,'양파(대)',4334),(398,'당근',4337),(398,'감자(중)',4340),(398,'파',4343),(398,'식은 밥',4345),(398,'케찹',4349),(398,'소금',4361),(398,'후추 약간',4364),(398,'계란',4366),(398,'돈가스소스',4369),(398,'케찹',4371),(398,'올리고당',4373),(398,'굴소스',4376),(398,'물',4378),(433,'소면',4432),(433,'멸치육수',4434),(433,'애호박',4437),(433,'당근 조금',4439),(433,'버섯',4442),(433,'김치',4445),(433,'국간장',4446),(433,'소금',4447),(433,'계란',4448),(433,'깨소금',4449),(433,'참기름',4450),(433,'설탕',4451),(433,'간장',4453),(433,'참기름',4455),(433,'고추가루',4458),(433,'다진마늘',4462),(433,'다진대파',4465),(433,'다진청양고추',4469),(433,'올리고당',4472),(434,'잡채',4474),(434,'다진 파',4476),(434,'다진 마늘',4477),(434,'기름',4478),(434,'물',4480),(434,'굴소스',4483),(434,'간장',4486),(434,'고춧가루',4490),(434,'설탕',4493),(435,'​양송이버섯',4495),(435,'표고버섯',4497),(435,'모둠해물',4500),(435,'채썬 돼지고기 조금',4503),(435,'양파',4506),(435,'당근 조금',4510),(435,'시금치',4513),(461,'남은족발',4514),(461,'양파',4517),(461,'땡초',4521),(402,'오징어',4522),(461,'마늘',4523),(402,'양배추',4524),(402,'당근',4526),(461,'간장',4527),(402,'양파',4529),(461,'설탕',4530),(392,'오리',4532),(461,'올리고당',4533),(392,'부추',4534),(435,'대파 약간',4535),(392,'양파',4536),(461,'고춧가루',4537),(435,'청양고추 약간',4538),(462,'쭈꾸미',4539),(435,'마늘 ​ 약간',4540),(435,'치킨스톡',4541),(462,'양파',4542),(435,'굴소스',4543),(462,'대파 약간',4544),(435,'간장',4545),(435,'물',4546),(462,'식용유 약간',4547),(435,'맛술',4548),(462,'밀가루 약간',4549),(435,'소금 약간',4550),(402,'풋고추',4551),(435,'후추 약간',4552),(462,'고추장',4553),(402,'파',4554),(435,'참기름 약간',4555),(402,'식용유',4556),(462,'고춧가루',4557),(435,'전분',4558),(392,'양파',4559),(435,'기름 약간',4560),(462,'설탕',4561),(392,'고춧가루',4562),(462,'진간장',4564),(392,'고추장',4565),(462,'맛술',4567),(462,'다진마늘',4570),(462,'참기름',4572),(463,'주꾸미',4575),(463,'삼겹살',4582),(463,'밀가루',4585),(463,'콩나물',4587),(392,'간장',4589),(463,'양배추',4591),(392,'소금',4592),(463,'양파',4594),(463,'대파 흰 부분',4596),(438,'손질바다 장어',4598),(402,'설탕',4599),(438,'밥',4600),(402,'마늘',4601),(438,'양파',4602),(402,'고추장',4603),(438,'쪽파',4604),(402,'간장',4605),(438,'계란',4606),(402,'고춧가루',4607),(438,'후추 톡톡',4608),(402,'물',4609),(438,'간생강 적당량',4610),(402,'참기름',4611),(438,'간장',4612),(402,'통깨 적당량',4613),(438,'설탕',4614),(463,'청양고추',4615),(403,'오징어',4616),(438,'올리고당',4617),(392,'물엿',4618),(403,'양파',4619),(438,'생강가루',4620),(392,'설탕',4621),(403,'대파',4622),(438,'맛술(미림)',4623),(392,'다진마늘',4624),(438,'통마늘',4625),(403,'청양고추',4626),(392,'후추',4627),(438,'물',4628),(403,'식용유',4629),(392,'생강가루',4630),(403,'고추장',4631),(403,'고춧가루',4634),(403,'진간장',4637),(403,'설탕',4639),(403,'물엿',4641),(403,'다진마늘',4643),(463,'홍고추',4646),(403,'맛술',4647),(403,'후추 톡톡',4650),(463,'식용유',4652),(403,'참기름',4653),(463,'고춧가루',4655),(463,'다진 쥐똥고추',4657),(403,'통깨',4659),(463,'고추장',4661),(404,'오징어(중)',4663),(404,'다진고기',4665),(463,'간장',4666),(404,'으깬두부',4669),(463,'맛술',4670),(404,'다진표고버섯',4672),(463,'멸치액젓',4673),(404,'밀가루',4675),(404,'달걀',4677),(463,'설탕',4678),(463,'다진마늘',4681),(441,'장어',4682),(463,'생강청',4683),(441,'고춧가루',4684),(441,'다진마늘',4686),(463,'후춧가루 약간',4687),(441,'간장',4689),(464,'밥',4691),(441,'매실액',4692),(464,'참치',4694),(464,'마요네즈',4695),(464,'볶은 김치',4696),(441,'설탕',4697),(464,'후추 약간',4698),(441,'올리고당',4699),(464,'참기름',4700),(441,'청주',4701),(464,'맛술',4702),(441,'생강술',4703),(441,'후춧가루',4704),(464,'간장',4705),(464,'참깨',4707),(488,'후추 약간',4738),(490,'돼지고기',4766),(490,'감자(중)',4768),(490,'양파(대)',4769),(468,'양파',4770),(490,'당근(대)',4771),(468,'양배추',4772),(490,'식용유',4773),(468,'돼지고기',4774),(490,'카레',4775),(490,'물',4776),(468,'오이',4777),(491,'칼국수 면',4778),(468,'파',4780),(491,'멸치 다시마 육수',4781),(491,'달걀',4783),(468,'파스타면',4784),(491,'쪽파',4786),(468,'춘장',4788),(491,'다진 마늘',4790),(468,'설탕',4791),(491,'국간장',4792),(468,'물전분',4793),(491,'멸치 액젓',4794),(491,'소금 적당히',4795),(469,'카레용돼지고기',4796),(491,'후춧가루 적당히',4798),(469,'호박',4800),(491,'김가루',4801),(469,'참소라/냉동해물',4803),(469,'당근',4806),(469,'양파',4809),(469,'양배추',4810),(469,'다진마늘',4811),(443,'손질한 장어',4812),(469,'대파',4813),(443,'식용유',4814),(491,'고춧가루',4815),(469,'다진생강',4816),(443,'참기름',4817),(491,'간깨',4818),(443,'다진마늘',4819),(469,'청주',4820),(492,'김밥김',4821),(443,'대파',4822),(492,'밥',4823),(469,'짜장가루',4824),(443,'고추가루',4825),(492,'아보카도',4826),(443,'국간장',4827),(492,'크래미',4828),(443,'멸치다시마 끓인물',4829),(469,'물',4830),(492,'마요네즈',4831),(443,'콩나물',4832),(470,'오징어',4833),(492,'식초',4834),(443,'깻잎',4835),(470,'돼지고기',4836),(492,'설탕',4837),(444,'재첩',4838),(444,'부추',4839),(492,'소금후춧가루',4840),(470,'양배추',4841),(492,'소금후춧가루',4842),(492,'크레송',4843),(470,'당근',4844),(492,'검은깨 큰술',4845),(444,'청주',4846),(470,'호박',4847),(470,'양파',4849),(470,'청양 고추',4852),(444,'소금',4853),(470,'부추',4855),(444,'물',4856),(470,'파',4859),(494,'잘 말린 코다리',4860),(470,'생강',4862),(470,'후추',4864),(470,'고춧가루',4867),(470,'간장',4869),(470,'소금',4872),(494,'홍고추',4878),(494,'고추가루',4880),(494,'진간장',4882),(494,'설탕',4884),(494,'다진파',4885),(494,'다진마늘',4887),(494,'생강 조금',4889),(472,'해산물',4890),(472,'돼지고기 다짐육',4891),(472,'돼지고기 다짐육',4893),(472,'바지락',4896),(472,'양배추',4898),(446,'모듬해물',4900),(472,'양파',4901),(446,'대파',4902),(472,'느타리버섯',4903),(472,'청양 고추',4904),(494,'후춧가루',4905),(472,'대파',4906),(494,'물엿',4907),(446,'만능춘장',4908),(494,'청주',4909),(446,'부추 조금',4910),(494,'참기름',4911),(446,'청양고추',4912),(494,'통깨 약간',4913),(446,'스파게티면',4914),(494,'올리브유 적당량',4915),(446,'양파',4916),(446,'양배추 조금',4917),(494,'물',4918),(472,'식용유',4922),(472,'다진마늘',4925),(472,'고춧가루',4927),(446,'가지',4929),(472,'굴소스',4930),(472,'물',4934),(472,'치킨스톡',4938),(472,'소금',4940),(473,'쫄면',4942),(473,'오이',4945),(473,'양배추',4947),(473,'당근',4949),(496,'삶은 옥수수',4950),(496,'피자치즈',4951),(473,'콩나물',4957),(497,'오이',4958),(473,'상추',4960),(473,'삶은달걀',4963),(497,'국수면',4964),(473,'참기름',4965),(497,'두부',4966),(473,'고추장',4967),(497,'두부',4969),(473,'고춧가루',4970),(497,'땅콩버터',4971),(473,'식초',4972),(497,'물',4973),(497,'설탕',4975),(497,'소금',4976),(497,'깨',4978),(499,'사골국물',4982),(499,'다진 돼지고기',4984),(449,'전복',4985),(499,'숙주',4986),(473,'간장',4987),(449,'다진 마늘',4988),(499,'칼국수면',4989),(449,'다진 파',4990),(499,'썰은 표고버섯',4991),(473,'설탕',4992),(449,'소금',4993),(499,'삶은 달걀',4994),(473,'매실액',4995),(449,'물',4996),(499,'땅콩 분태',4997),(449,'다시마',4998),(473,'맛술',4999),(499,'썰은 흰대파',5000),(449,'청양고추',5001),(499,'부순 베트남고추 약간 (or 건홍고추)',5002),(449,'멸치',5003),(499,'간장',5004),(499,'두반장',5006),(499,'맛술',5007),(499,'다진 마늘',5008),(499,'다진 생강',5009),(499,'고추기름',5010),(473,'사이다',5012),(499,'썰은 흰대파',5013),(473,'다진마늘',5015),(499,'땅콩버터',5016),(473,'통깨',5018),(499,'두반장',5034),(499,'간장',5036),(499,'굴소스',5039),(475,'차돌박이',5070),(475,'영양부추',5071),(453,'돼지고기앞다리살',5072),(501,'돼지고기안심',5076),(501,'소금 약간',5077),(501,'후추 약간',5078),(501,'계란노른자',5079),(501,'감자전분',5080),(501,'양파',5081),(501,'포도씨유',5082),(501,'노란 파프리카',5083),(501,'빨간 파프리카',5084),(501,'초록 파프리카',5085),(501,'물',5086),(501,'레몬가루',5087),(501,'설탕',5088),(501,'소금 약간',5089),(501,'포도씨유',5090),(501,'감자전분',5091),(504,'식빵',5124),(504,'계란',5125),(504,'마요네즈 소량',5126),(504,'설탕',5127),(506,'다듬은쪽파',5128),(506,'튀김가루',5129),(506,'물',5130),(506,'계란',5131),(506,'식용유',5132),(507,'표고버섯',5133),(475,'깐마늘',5134),(507,'양송이버섯',5135),(507,'목이버섯',5136),(475,'양파',5137),(507,'청경채',5138),(475,'대파',5139),(507,'배춧잎',5140),(475,'고추장',5141),(475,'매실청',5142),(475,'식초',5143),(507,'샐러리',5144),(475,'고추가루',5145),(507,'파프리카',5146),(507,'연근',5147),(507,'냉동해물',5148),(507,'다진마늘',5149),(507,'대파',5150),(507,'다진생강 조금',5151),(507,'간장',5152),(507,'굴소스',5153),(475,'다진마늘',5154),(475,'피쉬소스',5155),(475,'참기름',5156),(475,'깨소금',5157),(507,'후추',5159),(507,'청주',5160),(507,'매실액',5161),(507,'참기름',5162),(477,'두부',5177),(477,'참치캔',5178),(477,'배추김치',5179),(477,'양파',5180),(477,'대파',5181),(477,'참기름',5182),(477,'통깨',5183),(477,'다진마늘',5184),(477,'설탕',5185),(477,'고춧가루',5186),(477,'간장',5187),(477,'생강술',5188),(477,'고추장',5189),(477,'물',5190),(477,'후춧가루',5191),(507,'전분물 적당량',5201),(508,'쌀국수',5202),(508,'계란',5203),(508,'파',5210),(508,'마늘',5212),(508,'숙주',5214),(480,'청국장',5216),(508,'건새우',5217),(480,'신김치',5218),(508,'다진돼지고기',5219),(480,'무',5220),(508,'새우',5221),(508,'액젓',5222),(508,'굴소스',5223),(480,'두부',5224),(508,'물',5225),(480,'애호박',5226),(480,'대파',5227),(508,'설탕',5228),(480,'청양고추',5229),(480,'홍고추',5231),(480,'다진마늘',5233),(480,'멸치육수',5237),(511,'또띠아',5261),(511,'간마늘',5263),(511,'피자치즈',5265),(511,'토마토소스',5266),(512,'다진 쇠고기',5267),(512,'다진 돼지고기',5268),(512,'양파',5270),(512,'양송이 버섯',5272),(512,'버터',5273),(512,'올리브유 약간',5274),(512,'빵가루',5279),(484,'공기밥',5281),(512,'달걀',5282),(484,'식초',5283),(512,'케첩',5284),(484,'설탕',5285),(484,'소금',5286),(512,'머스터드소스',5287),(485,'자연산논미꾸라지',5288),(512,'다진마늘',5289),(485,'가을 풋배추',5290),(485,'대파',5291),(485,'마늘',5292),(485,'풋고추',5293),(485,'청양고추',5294),(485,'홍고추',5295),(512,'소금',5296),(485,'된장',5297),(512,'후추 약간',5298),(512,'물',5299),(512,'돈가스소스',5300),(485,'국간장',5301),(512,'케첩',5302),(512,'소금 약간',5303),(512,'후추 약간',5304),(516,'다양한버섯 (느타리/표고/팽이/새송이/꼬마)',5340),(516,'대파',5341),(516,'당근',5342),(516,'양파',5343),(516,'소불고기',5344),(516,'물',5345),(516,'된장',5346),(516,'고추장',5347),(516,'고춧가루',5348),(516,'설탕',5349),(516,'다진마늘',5350),(516,'국간장',5351),(516,'간장',5352),(516,'물',5353),(453,'양파',5354),(453,'당근',5355),(453,'마늘',5356),(453,'파 약간',5357),(453,'고추 기호에맞게',5358),(453,'간장',5359),(453,'물엿',5360),(453,'매실액',5361),(453,'고추장',5362),(453,'고춧가루',5363),(453,'후추가루 약간',5364),(458,'바지락',5386),(458,'물',5387),(458,'건새우 팩 (육수용)',5388),(458,'마늘',5389),(458,'소금 조금',5390),(458,'대파 소량',5391),(458,'청량고추 조금',5392),(458,'홍고추 조금',5393),(404,'다진쪽파',5398),(404,'다진당근',5399),(404,'간장',5400),(404,'설탕',5401),(404,'다진마늘',5402),(519,'고춧가루',5403),(404,'후춧가루',5404),(519,'정종',5405),(404,'소금',5407),(404,'참기름',5409),(521,'토종닭',5417),(521,'문어',5419),(521,'전복',5421),(521,'새우',5423),(521,'대추',5425),(521,'밤',5426),(521,'인삼',5427),(521,'팽이버섯',5429),(521,'부추',5431),(521,'불린 찹쌀',5432),(521,'소금',5434),(521,'엄나무',5436),(521,'황칠나무',5438),(521,'황기',5439),(521,'물',5441),(522,'다시육수',5443),(522,'콩나물',5444),(522,'두부',5445),(522,'양파',5446),(522,'대파',5447),(522,'달걀',5448),(522,'홍고추',5449),(522,'새우젓',5450),(522,'다진마늘',5451),(522,'식초',5452),(524,'돼지고기갈은것',5471),(524,'소고기갈은것',5472),(524,'양파',5473),(524,'피클',5474),(524,'파프리카',5476),(524,'치즈',5477),(524,'햄버거빵',5478),(524,'양상추',5479),(524,'마요네즈',5480),(524,'토마토',5482),(524,'빵가루',5484),(524,'설탕',5486),(524,'간장',5487),(524,'올리고당',5489),(485,'제피가루 적당량',5495),(485,'다진파',5499),(485,'된장',5501),(485,'간장',5503),(486,'오징어 몸통',5504),(486,'오징어 다리',5505),(486,'오뎅',5506),(486,'단무지',5519),(486,'파 작은뿌리',5521),(486,'고추장',5523),(486,'고춧가루',5525),(486,'매실액',5529),(486,'간장',5540),(486,'올리고당',5555),(486,'설탕',5558),(486,'고춧가루',5563),(486,'까나리액젓',5565),(486,'참기름',5567),(413,'우동면',5568),(486,'파 조금',5569),(413,'가쓰오부시',5570),(487,'닭가슴살',5571),(528,'홍합',5572),(413,'쯔유',5573),(487,'양배추',5574),(413,'국간장',5575),(528,'대파',5576),(487,'계란',5577),(413,'소금',5578),(528,'양파',5579),(487,'밀가루',5580),(413,'맛술',5581),(528,'청양고추',5582),(487,'빵가루',5583),(413,'대파',5584),(528,'다진 마늘',5585),(487,'마요네즈',5586),(413,'쑥갓',5587),(487,'식초',5588),(528,'소금 적당량 (입맛에 맞게)',5589),(487,'설탕',5590),(413,'어묵',5591),(487,'다진양파',5593),(413,'유부',5594),(487,'후추 약간',5596),(413,'다시마',5597),(413,'디포리',5599),(413,'멸치',5600),(413,'건새우',5601),(414,'우동면',5603),(414,'베이컨',5605),(414,'양배추 조금',5607),(414,'파프리카 조금',5608),(414,'통마늘',5610),(414,'땡초',5612),(414,'굴소스',5613),(414,'올리고당',5614),(414,'후추 톡톡',5615),(488,'닭다리살',5616),(414,'다진마늘',5617),(488,'올리브유',5618),(414,'맛술',5619),(488,'청주',5620),(414,'통깨 솔솔',5621),(488,'소금 약간',5622),(414,'올리브유 적당히',5623),(530,'황태',5635),(488,'후추 약간',5637),(530,'감자',5639),(488,'파슬리가루 약간',5640),(530,'국간장',5642),(488,'피클',5643),(488,'굴소스',5645),(530,'마늘',5646),(488,'미림',5648),(530,'들기름',5649),(488,'물엿',5651),(530,'파 적당량',5652),(488,'설탕',5653),(530,'소금 약간',5654),(488,'다진마늘',5655),(488,'간장',5657),(530,'후추 약간',5658),(488,'물',5660),(532,'회 적당히',5661),(532,'야채들 적당히 (싱싱한)',5663),(532,'날치알',5666),(532,'흰 밥 덜된',5668),(532,'초고추장 취향껏',5670),(532,'참기름 취향껏',5672),(532,'통깨 솔솔',5674),(533,'광어 회',5677),(533,'양상추',5679),(533,'양파',5684),(533,'당근',5687),(533,'청양고추',5689),(533,'깻잎',5691),(533,'고추장',5694),(533,'고춧가루',5696),(533,'간장',5698),(533,'식초',5700),(533,'맛술',5704),(533,'설탕',5706),(419,'멸치칼국수라면',5708),(533,'다진마늘',5709),(419,'물',5710),(533,'부순 참깨',5711),(419,'해물믹스',5712),(534,'훈제오리',5713),(419,'양파',5714),(534,'양파',5715),(419,'당근',5716),(534,'감자 작은것',5717),(419,'부추',5718),(534,'파프리카 약간',5719),(534,'부추 약간',5720),(419,'배춧잎',5721),(534,'식용유 약간',5722),(419,'목이버섯',5723),(534,'간장',5724),(419,'달걀',5725),(534,'물',5726),(517,'오징어',5727),(534,'올리고당',5728),(419,'전분물',5729),(534,'다진마늘',5730),(419,'참기름 약간',5731),(534,'후추 약간',5732),(535,'훠궈스프',5733),(420,'라이스페이퍼',5734),(535,'천연조미료',5735),(420,'오이',5736),(535,'쥐똥고추',5737),(420,'양파',5738),(535,'대파',5739),(535,'다진마늘',5740),(420,'맛살',5741),(535,'굴소스',5742),(420,'깻잎',5743),(535,'치킨스톡',5744),(535,'두반장',5745),(420,'캔파인애플',5746),(535,'건두부 먹을만큼',5747),(420,'파프리카',5748),(535,'납작당면 먹을만큼',5749),(420,'새우 적당히 (또는 고기)',5750),(535,'팽이버섯 먹을만큼',5751),(420,'칠리소스 적당히',5752),(535,'쑥갓 먹을만큼',5753),(535,'샤브샤브용소고기 먹을만큼',5754),(420,'땅콩버터',5755),(535,'떡 먹을만큼',5756),(420,'마요네즈',5757),(420,'허니머스터드',5758),(535,'만두 먹을만큼',5759),(420,'올리고당',5760),(535,'삶은달걀 먹을만큼',5761),(420,'레몬즙',5762),(535,'땅콩버터',5763),(421,'시판유부초밥만들기세트',5764),(535,'훠궈스프',5765),(535,'두반장',5766),(421,'피망',5767),(535,'칠리소스',5768),(421,'당근',5769),(535,'매실액',5770),(421,'스팸',5771),(535,'참치액',5772),(535,'레몬즙 적당량',5773),(517,'새우',5774),(536,'밥',5775),(536,'소시지',5776),(536,'달걀',5777),(517,'홍합',5778),(536,'피자치즈',5779),(517,'바지락(등조개류)',5780),(536,'대패 삼겹살',5781),(517,'물',5782),(536,'볶은 김치',5783),(536,'참기름',5784),(517,'까나리액젓',5785),(536,'참치캔',5786),(517,'콩나물',5787),(536,'옥수수캔',5788),(517,'대파',5789),(536,'마요네즈',5790),(421,'깨',5791),(517,'미나리',5792),(536,'돈가스 소스',5793),(421,'밥',5794),(536,'버터',5795),(536,'김가루',5796),(538,'소고기',5812),(517,'양파',5813),(538,'밀가루',5814),(517,'고춧가루',5816),(538,'달걀',5817),(517,'통깨 적당량',5819),(538,'소금',5820),(517,'전분가루',5822),(538,'후추',5823),(517,'물',5824),(538,'식용유',5825),(517,'진간장',5826),(517,'고추장',5827),(517,'고춧가루',5828),(517,'설탕',5829),(517,'청주',5830),(517,'다진마늘',5831),(517,'후추 적당량',5832),(519,'꽃게(암게)',5834),(519,'바지락',5836),(519,'홍합',5838),(519,'왕새우',5839),(519,'오징어',5840),(519,'오만둥이(미더덕)',5841),(519,'무',5842),(519,'새송이버섯',5843),(519,'애호박',5844),(519,'대파',5845),(519,'청양 고추',5846),(519,'쑥갓 조금',5847),(519,'콩나물',5848),(519,'된장',5849),(519,'무',5850),(519,'다시마',5851),(519,'멸치 큰거',5853),(519,'건표고버섯',5855),(519,'건새우',5857),(519,'마늘',5859),(519,'액젓',5860),(424,'다진고기',5865),(424,'양파',5866),(424,'생강',5867),(424,'다양한버섯',5868),(424,'청경채',5869),(424,'오징어',5870),(424,'새우',5871),(424,'다진마늘',5872),(424,'파',5873),(424,'전분',5874),(424,'간장',5875),(424,'굴소스',5876),(424,'설탕',5877),(424,'후춧가루',5878);
/*!40000 ALTER TABLE `food_ingredients` ENABLE KEYS */;
UNLOCK TABLES;

--
-- Table structure for table `login_info`
--

DROP TABLE IF EXISTS `login_info`;
/*!40101 SET @saved_cs_client     = @@character_set_client */;
/*!50503 SET character_set_client = utf8mb4 */;
CREATE TABLE `login_info` (
  `id` bigint NOT NULL AUTO_INCREMENT,
  `login_id` varchar(255) NOT NULL,
  `password` varchar(255) NOT NULL,
  `user_id` bigint NOT NULL,
  PRIMARY KEY (`id`),
  UNIQUE KEY `UK8st4gs52fc6l5qpf58fa1ubhx` (`login_id`),
  UNIQUE KEY `UKmp7dpmnfcfed39pbwkoo3a0mh` (`user_id`),
  CONSTRAINT `FKcobw94dfqe02ofn8s67n96oeo` FOREIGN KEY (`user_id`) REFERENCES `users` (`id`)
) ENGINE=InnoDB AUTO_INCREMENT=8 DEFAULT CHARSET=utf8mb4 COLLATE=utf8mb4_0900_ai_ci;
/*!40101 SET character_set_client = @saved_cs_client */;

--
-- Dumping data for table `login_info`
--

LOCK TABLES `login_info` WRITE;
/*!40000 ALTER TABLE `login_info` DISABLE KEYS */;
INSERT INTO `login_info` VALUES (4,'aa','$2a$10$krsly0hDYLHW1YvZ5PzmZux1YLmGJgTu9KasHRgPmSD47czRjNk.K',11),(6,'bb','$2a$10$2QjOoMzBQkPm1GTPQtTzLufErtDM5HhR6gpkZnHZlEDH5Uhg2p1ne',14),(7,'cc','$2a$10$nnQTibQkNK8VRMDUF1WvMuvu5zKeDO8IVVDxZ0sArfjb3AvxM5xyq',15);
/*!40000 ALTER TABLE `login_info` ENABLE KEYS */;
UNLOCK TABLES;

--
-- Table structure for table `party_entity`
--

DROP TABLE IF EXISTS `party_entity`;
/*!40101 SET @saved_cs_client     = @@character_set_client */;
/*!50503 SET character_set_client = utf8mb4 */;
CREATE TABLE `party_entity` (
  `host_id` bigint NOT NULL,
  `id` bigint NOT NULL AUTO_INCREMENT,
  `party_code` varchar(255) NOT NULL,
  PRIMARY KEY (`id`),
  UNIQUE KEY `UKmu3y4yden6qhb2mbl2utkmgd6` (`party_code`)
) ENGINE=InnoDB DEFAULT CHARSET=utf8mb4 COLLATE=utf8mb4_0900_ai_ci;
/*!40101 SET character_set_client = @saved_cs_client */;

--
-- Dumping data for table `party_entity`
--

LOCK TABLES `party_entity` WRITE;
/*!40000 ALTER TABLE `party_entity` DISABLE KEYS */;
/*!40000 ALTER TABLE `party_entity` ENABLE KEYS */;
UNLOCK TABLES;

--
-- Table structure for table `party_member_entity`
--

DROP TABLE IF EXISTS `party_member_entity`;
/*!40101 SET @saved_cs_client     = @@character_set_client */;
/*!50503 SET character_set_client = utf8mb4 */;
CREATE TABLE `party_member_entity` (
  `id` bigint NOT NULL AUTO_INCREMENT,
  `party_id` bigint NOT NULL,
  `user_id` bigint NOT NULL,
  PRIMARY KEY (`id`),
  KEY `FKd5cy8q7sp4xkwc6iw5gb02gd8` (`party_id`),
  CONSTRAINT `FKd5cy8q7sp4xkwc6iw5gb02gd8` FOREIGN KEY (`party_id`) REFERENCES `party_entity` (`id`)
) ENGINE=InnoDB DEFAULT CHARSET=utf8mb4 COLLATE=utf8mb4_0900_ai_ci;
/*!40101 SET character_set_client = @saved_cs_client */;

--
-- Dumping data for table `party_member_entity`
--

LOCK TABLES `party_member_entity` WRITE;
/*!40000 ALTER TABLE `party_member_entity` DISABLE KEYS */;
/*!40000 ALTER TABLE `party_member_entity` ENABLE KEYS */;
UNLOCK TABLES;

--
-- Table structure for table `users`
--

DROP TABLE IF EXISTS `users`;
/*!40101 SET @saved_cs_client     = @@character_set_client */;
/*!50503 SET character_set_client = utf8mb4 */;
CREATE TABLE `users` (
  `age` varchar(255) NOT NULL,
  `id` bigint NOT NULL AUTO_INCREMENT,
  `gender` varchar(255) NOT NULL,
  PRIMARY KEY (`id`)
) ENGINE=InnoDB AUTO_INCREMENT=16 DEFAULT CHARSET=utf8mb4 COLLATE=utf8mb4_0900_ai_ci;
/*!40101 SET character_set_client = @saved_cs_client */;

--
-- Dumping data for table `users`
--

LOCK TABLES `users` WRITE;
/*!40000 ALTER TABLE `users` DISABLE KEYS */;
INSERT INTO `users` VALUES ('25',11,'female'),('25',13,'female'),('25',14,'female'),('25',15,'female');
/*!40000 ALTER TABLE `users` ENABLE KEYS */;
UNLOCK TABLES;

--
-- Table structure for table `users_allergy`
--

DROP TABLE IF EXISTS `users_allergy`;
/*!40101 SET @saved_cs_client     = @@character_set_client */;
/*!50503 SET character_set_client = utf8mb4 */;
CREATE TABLE `users_allergy` (
  `id` bigint NOT NULL AUTO_INCREMENT,
  `allergy_name` varchar(255) DEFAULT NULL,
  `user_id` bigint DEFAULT NULL,
  PRIMARY KEY (`id`),
  KEY `fk_user_allergy_user` (`user_id`),
  CONSTRAINT `fk_user_allergy_user` FOREIGN KEY (`user_id`) REFERENCES `users` (`id`)
) ENGINE=InnoDB AUTO_INCREMENT=16 DEFAULT CHARSET=utf8mb4 COLLATE=utf8mb4_0900_ai_ci;
/*!40101 SET character_set_client = @saved_cs_client */;

--
-- Dumping data for table `users_allergy`
--

LOCK TABLES `users_allergy` WRITE;
/*!40000 ALTER TABLE `users_allergy` DISABLE KEYS */;
INSERT INTO `users_allergy` VALUES (1,'nuts',11),(2,'dairy',11),(3,'wheat',11),(7,'wheat',13),(8,'dairy',13),(9,'nuts',13),(10,'nuts',14),(11,'dairy',14),(12,'wheat',14),(13,'wheat',15),(14,'dairy',15),(15,'nuts',15);
/*!40000 ALTER TABLE `users_allergy` ENABLE KEYS */;
UNLOCK TABLES;
/*!40103 SET TIME_ZONE=@OLD_TIME_ZONE */;

/*!40101 SET SQL_MODE=@OLD_SQL_MODE */;
/*!40014 SET FOREIGN_KEY_CHECKS=@OLD_FOREIGN_KEY_CHECKS */;
/*!40014 SET UNIQUE_CHECKS=@OLD_UNIQUE_CHECKS */;
/*!40101 SET CHARACTER_SET_CLIENT=@OLD_CHARACTER_SET_CLIENT */;
/*!40101 SET CHARACTER_SET_RESULTS=@OLD_CHARACTER_SET_RESULTS */;
/*!40101 SET COLLATION_CONNECTION=@OLD_COLLATION_CONNECTION */;
/*!40111 SET SQL_NOTES=@OLD_SQL_NOTES */;

-- Dump completed on 2025-05-28 20:40:53
